id,nombre,tipo,costo
v_0,Variable_0,estudio,1
v_1,Variable_1,embedding,1
v_2,Variable_2,estudio,100
v_3,Variable_3,demografico,1
v_4,Variable_4,demografico,1
v_5,Variable_5,embedding,10
v_6,Variable_6,vital,1
v_7,Variable_7,signo,10
v_8,Variable_8,vital,1
v_9,Variable_9,demografico,1
v_10,Variable_10,vital,1
v_11,Variable_11,estudio,1
v_12,Variable_12,estudio,100
v_13,Variable_13,demografico,1
v_14,Variable_14,demografico,5
v_15,Variable_15,vital,1
v_16,Variable_16,vital,1
v_17,Variable_17,estudio,10
v_18,Variable_18,signo,1
v_19,Variable_19,embedding,5
v_20,Variable_20,signo,100
v_21,Variable_21,demografico,5
v_22,Variable_22,vital,100
v_23,Variable_23,signo,1
v_24,Variable_24,vital,1
v_25,Variable_25,sintoma,1
v_26,Variable_26,estudio,10
v_27,Variable_27,embedding,100
v_28,Variable_28,vital,1
v_29,Variable_29,embedding,5
v_30,Variable_30,vital,1
v_31,Variable_31,vital,5
v_32,Variable_32,embedding,1
v_33,Variable_33,embedding,100
v_34,Variable_34,signo,5
v_35,Variable_35,vital,1
v_36,Variable_36,sintoma,1
v_37,Variable_37,signo,1
v_38,Variable_38,demografico,1
v_39,Variable_39,demografico,1
v_40,Variable_40,estudio,10
v_41,Variable_41,sintoma,5
v_42,Variable_42,vital,5
v_43,Variable_43,sintoma,1
v_44,Variable_44,demografico,10
v_45,Variable_45,vital,10
v_46,Variable_46,sintoma,1
v_47,Variable_47,embedding,10
v_48,Variable_48,signo,5
v_49,Variable_49,vital,1
v_50,Variable_50,embedding,1
v_51,Variable_51,signo,1
v_52,Variable_52,sintoma,1
v_53,Variable_53,vital,100
v_54,Variable_54,estudio,10
v_55,Variable_55,estudio,5
v_56,Variable_56,demografico,1
v_57,Variable_57,embedding,1
v_58,Variable_58,vital,5
v_59,Variable_59,embedding,5
v_60,Variable_60,sintoma,1
v_61,Variable_61,estudio,5
v_62,Variable_62,embedding,10
v_63,Variable_63,demografico,1
v_64,Variable_64,vital,1
v_65,Variable_65,estudio,10
v_66,Variable_66,embedding,1
v_67,Variable_67,embedding,1
v_68,Variable_68,vital,1
v_69,Variable_69,demografico,1
v_70,Variable_70,sintoma,10
v_71,Variable_71,demografico,5
v_72,Variable_72,sintoma,1
v_73,Variable_73,signo,10
v_74,Variable_74,embedding,10
v_75,Variable_75,embedding,10
v_76,Variable_76,estudio,1
v_77,Variable_77,signo,1
v_78,Variable_78,embedding,100
v_79,Variable_79,sintoma,10
v_80,Variable_80,vital,1
v_81,Variable_81,sintoma,1
v_82,Variable_82,embedding,1
v_83,Variable_83,embedding,100
v_84,Variable_84,sintoma,5
v_85,Variable_85,vital,1
v_86,Variable_86,signo,1
v_87,Variable_87,embedding,5
v_88,Variable_88,estudio,10
v_89,Variable_89,sintoma,1
v_90,Variable_90,sintoma,10
v_91,Variable_91,estudio,100
v_92,Variable_92,sintoma,1
v_93,Variable_93,estudio,5
v_94,Variable_94,estudio,1
v_95,Variable_95,estudio,10
v_96,Variable_96,vital,5
v_97,Variable_97,signo,5
v_98,Variable_98,signo,10
v_99,Variable_99,demografico,1
v_100,Variable_100,vital,100
v_101,Variable_101,demografico,5
v_102,Variable_102,embedding,1
v_103,Variable_103,signo,5
v_104,Variable_104,signo,10
v_105,Variable_105,signo,1
v_106,Variable_106,sintoma,10
v_107,Variable_107,demografico,100
v_108,Variable_108,vital,1
v_109,Variable_109,demografico,100
v_110,Variable_110,embedding,1
v_111,Variable_111,signo,1
v_112,Variable_112,vital,1
v_113,Variable_113,demografico,10
v_114,Variable_114,signo,5
v_115,Variable_115,signo,1
v_116,Variable_116,vital,1
v_117,Variable_117,embedding,5
v_118,Variable_118,estudio,1
v_119,Variable_119,vital,10
v_120,Variable_120,estudio,10
v_121,Variable_121,embedding,5
v_122,Variable_122,sintoma,100
v_123,Variable_123,vital,1
v_124,Variable_124,estudio,100
v_125,Variable_125,embedding,5
v_126,Variable_126,demografico,5
v_127,Variable_127,signo,1
v_128,Variable_128,sintoma,10
v_129,Variable_129,vital,1
v_130,Variable_130,estudio,1
v_131,Variable_131,demografico,1
v_132,Variable_132,estudio,5
v_133,Variable_133,embedding,5
v_134,Variable_134,vital,10
v_135,Variable_135,embedding,10
v_136,Variable_136,estudio,1
v_137,Variable_137,vital,10
v_138,Variable_138,estudio,1
v_139,Variable_139,signo,10
v_140,Variable_140,vital,10
v_141,Variable_141,vital,5
v_142,Variable_142,sintoma,10
v_143,Variable_143,signo,1
v_144,Variable_144,vital,1
v_145,Variable_145,demografico,10
v_146,Variable_146,estudio,1
v_147,Variable_147,demografico,1
v_148,Variable_148,estudio,1
v_149,Variable_149,embedding,10
v_150,Variable_150,estudio,1
v_151,Variable_151,sintoma,1
v_152,Variable_152,embedding,10
v_153,Variable_153,vital,10
v_154,Variable_154,estudio,1
v_155,Variable_155,sintoma,1
v_156,Variable_156,demografico,1
v_157,Variable_157,embedding,1
v_158,Variable_158,embedding,1
v_159,Variable_159,sintoma,10
v_160,Variable_160,demografico,5
v_161,Variable_161,embedding,5
v_162,Variable_162,vital,1
v_163,Variable_163,estudio,10
v_164,Variable_164,signo,1
v_165,Variable_165,demografico,100
v_166,Variable_166,estudio,5
v_167,Variable_167,signo,1
v_168,Variable_168,embedding,5
v_169,Variable_169,signo,1
v_170,Variable_170,demografico,5
v_171,Variable_171,estudio,1
v_172,Variable_172,embedding,1
v_173,Variable_173,embedding,10
v_174,Variable_174,embedding,1
v_175,Variable_175,embedding,10
v_176,Variable_176,signo,1
v_177,Variable_177,embedding,5
v_178,Variable_178,sintoma,5
v_179,Variable_179,embedding,5
v_180,Variable_180,embedding,1
v_181,Variable_181,sintoma,1
v_182,Variable_182,estudio,1
v_183,Variable_183,vital,1
v_184,Variable_184,sintoma,5
v_185,Variable_185,demografico,100
v_186,Variable_186,estudio,10
v_187,Variable_187,embedding,10
v_188,Variable_188,signo,10
v_189,Variable_189,sintoma,5
v_190,Variable_190,estudio,1
v_191,Variable_191,estudio,100
v_192,Variable_192,embedding,5
v_193,Variable_193,vital,5
v_194,Variable_194,signo,1
v_195,Variable_195,signo,1
v_196,Variable_196,signo,1
v_197,Variable_197,demografico,10
v_198,Variable_198,estudio,5
v_199,Variable_199,demografico,1
v_200,Variable_200,demografico,100
v_201,Variable_201,estudio,1
v_202,Variable_202,signo,1
v_203,Variable_203,estudio,1
v_204,Variable_204,vital,10
v_205,Variable_205,estudio,100
v_206,Variable_206,embedding,1
v_207,Variable_207,estudio,10
v_208,Variable_208,sintoma,1
v_209,Variable_209,vital,100
v_210,Variable_210,sintoma,10
v_211,Variable_211,signo,10
v_212,Variable_212,signo,1
v_213,Variable_213,embedding,100
v_214,Variable_214,embedding,10
v_215,Variable_215,embedding,1
v_216,Variable_216,vital,10
v_217,Variable_217,demografico,1
v_218,Variable_218,estudio,10
v_219,Variable_219,sintoma,1
v_220,Variable_220,vital,10
v_221,Variable_221,sintoma,5
v_222,Variable_222,estudio,1
v_223,Variable_223,demografico,1
v_224,Variable_224,sintoma,1
v_225,Variable_225,vital,1
v_226,Variable_226,estudio,1
v_227,Variable_227,embedding,5
v_228,Variable_228,embedding,1
v_229,Variable_229,embedding,1
v_230,Variable_230,estudio,10
v_231,Variable_231,demografico,1
v_232,Variable_232,vital,100
v_233,Variable_233,embedding,10
v_234,Variable_234,estudio,5
v_235,Variable_235,sintoma,5
v_236,Variable_236,embedding,10
v_237,Variable_237,signo,1
v_238,Variable_238,vital,1
v_239,Variable_239,sintoma,1
v_240,Variable_240,demografico,10
v_241,Variable_241,demografico,1
v_242,Variable_242,estudio,5
v_243,Variable_243,demografico,100
v_244,Variable_244,signo,10
v_245,Variable_245,embedding,5
v_246,Variable_246,sintoma,1
v_247,Variable_247,embedding,10
v_248,Variable_248,vital,5
v_249,Variable_249,embedding,1
v_250,Variable_250,estudio,1
v_251,Variable_251,embedding,100
v_252,Variable_252,vital,5
v_253,Variable_253,sintoma,10
v_254,Variable_254,signo,10
v_255,Variable_255,sintoma,5
v_256,Variable_256,sintoma,5
v_257,Variable_257,estudio,1
v_258,Variable_258,vital,1
v_259,Variable_259,sintoma,1
v_260,Variable_260,sintoma,10
v_261,Variable_261,signo,5
v_262,Variable_262,demografico,10
v_263,Variable_263,signo,1
v_264,Variable_264,vital,5
v_265,Variable_265,vital,5
v_266,Variable_266,estudio,5
v_267,Variable_267,embedding,10
v_268,Variable_268,embedding,1
v_269,Variable_269,embedding,5
v_270,Variable_270,demografico,1
v_271,Variable_271,vital,1
v_272,Variable_272,demografico,1
v_273,Variable_273,embedding,5
v_274,Variable_274,embedding,100
v_275,Variable_275,signo,5
v_276,Variable_276,vital,10
v_277,Variable_277,embedding,5
v_278,Variable_278,sintoma,5
v_279,Variable_279,vital,1
v_280,Variable_280,demografico,1
v_281,Variable_281,vital,1
v_282,Variable_282,estudio,1
v_283,Variable_283,sintoma,1
v_284,Variable_284,embedding,1
v_285,Variable_285,estudio,1
v_286,Variable_286,signo,100
v_287,Variable_287,vital,1
v_288,Variable_288,vital,1
v_289,Variable_289,signo,1
v_290,Variable_290,estudio,5
v_291,Variable_291,sintoma,1
v_292,Variable_292,embedding,1
v_293,Variable_293,estudio,5
v_294,Variable_294,demografico,1
v_295,Variable_295,embedding,1
v_296,Variable_296,estudio,1
v_297,Variable_297,sintoma,1
v_298,Variable_298,vital,1
v_299,Variable_299,estudio,1
v_300,Variable_300,signo,10
v_301,Variable_301,sintoma,5
v_302,Variable_302,vital,5
v_303,Variable_303,sintoma,1
v_304,Variable_304,embedding,100
v_305,Variable_305,signo,1
v_306,Variable_306,embedding,1
v_307,Variable_307,embedding,5
v_308,Variable_308,demografico,1
v_309,Variable_309,sintoma,1
v_310,Variable_310,sintoma,5
v_311,Variable_311,estudio,10
v_312,Variable_312,signo,1
v_313,Variable_313,signo,10
v_314,Variable_314,demografico,100
v_315,Variable_315,signo,1
v_316,Variable_316,sintoma,1
v_317,Variable_317,demografico,1
v_318,Variable_318,signo,1
v_319,Variable_319,demografico,1
v_320,Variable_320,signo,100
v_321,Variable_321,signo,10
v_322,Variable_322,estudio,5
v_323,Variable_323,signo,1
v_324,Variable_324,demografico,10
v_325,Variable_325,sintoma,100
v_326,Variable_326,estudio,10
v_327,Variable_327,signo,1
v_328,Variable_328,signo,5
v_329,Variable_329,demografico,1
v_330,Variable_330,estudio,1
v_331,Variable_331,signo,1
v_332,Variable_332,sintoma,5
v_333,Variable_333,embedding,5
v_334,Variable_334,sintoma,1
v_335,Variable_335,signo,1
v_336,Variable_336,sintoma,1
v_337,Variable_337,estudio,1
v_338,Variable_338,signo,1
v_339,Variable_339,demografico,1
v_340,Variable_340,estudio,10
v_341,Variable_341,sintoma,1
v_342,Variable_342,signo,1
v_343,Variable_343,estudio,1
v_344,Variable_344,sintoma,100
v_345,Variable_345,signo,5
v_346,Variable_346,embedding,5
v_347,Variable_347,vital,1
v_348,Variable_348,demografico,5
v_349,Variable_349,sintoma,1
v_350,Variable_350,embedding,5
v_351,Variable_351,sintoma,100
v_352,Variable_352,vital,5
v_353,Variable_353,vital,10
v_354,Variable_354,estudio,10
v_355,Variable_355,demografico,1
v_356,Variable_356,demografico,100
v_357,Variable_357,sintoma,1
v_358,Variable_358,vital,5
v_359,Variable_359,demografico,1
v_360,Variable_360,signo,1
v_361,Variable_361,demografico,1
v_362,Variable_362,sintoma,1
v_363,Variable_363,embedding,1
v_364,Variable_364,embedding,5
v_365,Variable_365,demografico,1
v_366,Variable_366,estudio,1
v_367,Variable_367,vital,5
v_368,Variable_368,embedding,1
v_369,Variable_369,sintoma,10
v_370,Variable_370,sintoma,5
v_371,Variable_371,vital,10
v_372,Variable_372,vital,5
v_373,Variable_373,vital,1
v_374,Variable_374,embedding,5
v_375,Variable_375,sintoma,1
v_376,Variable_376,vital,1
v_377,Variable_377,embedding,10
v_378,Variable_378,vital,1
v_379,Variable_379,sintoma,10
v_380,Variable_380,sintoma,10
v_381,Variable_381,estudio,10
v_382,Variable_382,demografico,100
v_383,Variable_383,signo,1
v_384,Variable_384,sintoma,1
v_385,Variable_385,signo,5
v_386,Variable_386,estudio,1
v_387,Variable_387,demografico,5
v_388,Variable_388,embedding,10
v_389,Variable_389,demografico,5
v_390,Variable_390,demografico,1
v_391,Variable_391,embedding,1
v_392,Variable_392,estudio,1
v_393,Variable_393,vital,1
v_394,Variable_394,demografico,10
v_395,Variable_395,demografico,1
v_396,Variable_396,estudio,1
v_397,Variable_397,vital,1
v_398,Variable_398,demografico,5
v_399,Variable_399,demografico,5
v_400,Variable_400,vital,1
v_401,Variable_401,sintoma,1
v_402,Variable_402,embedding,1
v_403,Variable_403,sintoma,1
v_404,Variable_404,embedding,5
v_405,Variable_405,embedding,5
v_406,Variable_406,demografico,1
v_407,Variable_407,embedding,1
v_408,Variable_408,signo,100
v_409,Variable_409,vital,1
v_410,Variable_410,vital,5
v_411,Variable_411,signo,1
v_412,Variable_412,vital,1
v_413,Variable_413,estudio,1
v_414,Variable_414,vital,5
v_415,Variable_415,vital,100
v_416,Variable_416,vital,1
v_417,Variable_417,embedding,1
v_418,Variable_418,sintoma,1
v_419,Variable_419,estudio,1
v_420,Variable_420,vital,1
v_421,Variable_421,estudio,1
v_422,Variable_422,embedding,10
v_423,Variable_423,estudio,1
v_424,Variable_424,estudio,1
v_425,Variable_425,signo,100
v_426,Variable_426,embedding,1
v_427,Variable_427,vital,100
v_428,Variable_428,sintoma,1
v_429,Variable_429,sintoma,10
v_430,Variable_430,sintoma,5
v_431,Variable_431,sintoma,10
v_432,Variable_432,vital,100
v_433,Variable_433,sintoma,1
v_434,Variable_434,embedding,100
v_435,Variable_435,embedding,1
v_436,Variable_436,estudio,1
v_437,Variable_437,signo,1
v_438,Variable_438,demografico,5
v_439,Variable_439,sintoma,1
v_440,Variable_440,demografico,5
v_441,Variable_441,demografico,5
v_442,Variable_442,demografico,10
v_443,Variable_443,estudio,10
v_444,Variable_444,embedding,1
v_445,Variable_445,sintoma,1
v_446,Variable_446,vital,1
v_447,Variable_447,estudio,1
v_448,Variable_448,embedding,1
v_449,Variable_449,vital,1
v_450,Variable_450,embedding,1
v_451,Variable_451,sintoma,100
v_452,Variable_452,estudio,5
v_453,Variable_453,demografico,1
v_454,Variable_454,estudio,5
v_455,Variable_455,estudio,1
v_456,Variable_456,sintoma,1
v_457,Variable_457,demografico,5
v_458,Variable_458,demografico,1
v_459,Variable_459,signo,1
v_460,Variable_460,signo,100
v_461,Variable_461,embedding,10
v_462,Variable_462,vital,5
v_463,Variable_463,signo,5
v_464,Variable_464,sintoma,5
v_465,Variable_465,estudio,1
v_466,Variable_466,demografico,1
v_467,Variable_467,estudio,1
v_468,Variable_468,sintoma,1
v_469,Variable_469,estudio,5
v_470,Variable_470,demografico,1
v_471,Variable_471,signo,100
v_472,Variable_472,vital,100
v_473,Variable_473,demografico,10
v_474,Variable_474,demografico,5
v_475,Variable_475,demografico,10
v_476,Variable_476,embedding,1
v_477,Variable_477,embedding,10
v_478,Variable_478,demografico,1
v_479,Variable_479,sintoma,10
v_480,Variable_480,demografico,1
v_481,Variable_481,embedding,10
v_482,Variable_482,embedding,100
v_483,Variable_483,estudio,1
v_484,Variable_484,sintoma,1
v_485,Variable_485,signo,100
v_486,Variable_486,estudio,1
v_487,Variable_487,embedding,10
v_488,Variable_488,estudio,5
v_489,Variable_489,estudio,1
v_490,Variable_490,estudio,1
v_491,Variable_491,sintoma,1
v_492,Variable_492,signo,10
v_493,Variable_493,signo,1
v_494,Variable_494,demografico,5
v_495,Variable_495,embedding,1
v_496,Variable_496,vital,5
v_497,Variable_497,sintoma,10
v_498,Variable_498,signo,100
v_499,Variable_499,embedding,1
v_500,Variable_500,embedding,10
v_501,Variable_501,sintoma,10
v_502,Variable_502,sintoma,5
v_503,Variable_503,embedding,100
v_504,Variable_504,demografico,1
v_505,Variable_505,signo,1
v_506,Variable_506,vital,10
v_507,Variable_507,vital,1
v_508,Variable_508,vital,10
v_509,Variable_509,estudio,10
v_510,Variable_510,signo,1
v_511,Variable_511,estudio,10
v_512,Variable_512,estudio,1
v_513,Variable_513,embedding,5
v_514,Variable_514,estudio,5
v_515,Variable_515,demografico,100
v_516,Variable_516,demografico,1
v_517,Variable_517,sintoma,1
v_518,Variable_518,sintoma,5
v_519,Variable_519,signo,10
v_520,Variable_520,signo,5
v_521,Variable_521,demografico,1
v_522,Variable_522,sintoma,1
v_523,Variable_523,embedding,1
v_524,Variable_524,sintoma,10
v_525,Variable_525,estudio,1
v_526,Variable_526,vital,1
v_527,Variable_527,embedding,100
v_528,Variable_528,vital,1
v_529,Variable_529,vital,100
v_530,Variable_530,demografico,5
v_531,Variable_531,vital,10
v_532,Variable_532,vital,1
v_533,Variable_533,estudio,1
v_534,Variable_534,signo,10
v_535,Variable_535,demografico,10
v_536,Variable_536,sintoma,10
v_537,Variable_537,estudio,1
v_538,Variable_538,vital,10
v_539,Variable_539,sintoma,10
v_540,Variable_540,estudio,5
v_541,Variable_541,embedding,10
v_542,Variable_542,embedding,10
v_543,Variable_543,demografico,5
v_544,Variable_544,vital,1
v_545,Variable_545,demografico,1
v_546,Variable_546,embedding,1
v_547,Variable_547,estudio,1
v_548,Variable_548,sintoma,1
v_549,Variable_549,signo,1
v_550,Variable_550,vital,1
v_551,Variable_551,demografico,1
v_552,Variable_552,sintoma,10
v_553,Variable_553,sintoma,100
v_554,Variable_554,signo,1
v_555,Variable_555,estudio,100
v_556,Variable_556,signo,5
v_557,Variable_557,signo,1
v_558,Variable_558,estudio,1
v_559,Variable_559,estudio,5
v_560,Variable_560,estudio,10
v_561,Variable_561,sintoma,10
v_562,Variable_562,sintoma,1
v_563,Variable_563,vital,1
v_564,Variable_564,embedding,1
v_565,Variable_565,vital,1
v_566,Variable_566,signo,1
v_567,Variable_567,signo,1
v_568,Variable_568,vital,10
v_569,Variable_569,demografico,100
v_570,Variable_570,embedding,1
v_571,Variable_571,signo,100
v_572,Variable_572,demografico,1
v_573,Variable_573,demografico,1
v_574,Variable_574,embedding,1
v_575,Variable_575,estudio,5
v_576,Variable_576,sintoma,100
v_577,Variable_577,vital,5
v_578,Variable_578,embedding,1
v_579,Variable_579,sintoma,5
v_580,Variable_580,vital,1
v_581,Variable_581,sintoma,10
v_582,Variable_582,vital,5
v_583,Variable_583,sintoma,1
v_584,Variable_584,estudio,5
v_585,Variable_585,demografico,5
v_586,Variable_586,vital,1
v_587,Variable_587,demografico,5
v_588,Variable_588,vital,1
v_589,Variable_589,embedding,10
v_590,Variable_590,embedding,10
v_591,Variable_591,vital,10
v_592,Variable_592,estudio,5
v_593,Variable_593,sintoma,5
v_594,Variable_594,vital,1
v_595,Variable_595,sintoma,10
v_596,Variable_596,estudio,1
v_597,Variable_597,signo,1
v_598,Variable_598,demografico,1
v_599,Variable_599,vital,1
v_600,Variable_600,embedding,5
v_601,Variable_601,estudio,1
v_602,Variable_602,sintoma,10
v_603,Variable_603,vital,1
v_604,Variable_604,sintoma,1
v_605,Variable_605,signo,5
v_606,Variable_606,vital,1
v_607,Variable_607,demografico,1
v_608,Variable_608,vital,10
v_609,Variable_609,demografico,1
v_610,Variable_610,sintoma,10
v_611,Variable_611,vital,1
v_612,Variable_612,estudio,1
v_613,Variable_613,embedding,10
v_614,Variable_614,estudio,1
v_615,Variable_615,signo,1
v_616,Variable_616,estudio,1
v_617,Variable_617,signo,1
v_618,Variable_618,sintoma,10
v_619,Variable_619,demografico,1
v_620,Variable_620,embedding,10
v_621,Variable_621,sintoma,10
v_622,Variable_622,demografico,1
v_623,Variable_623,demografico,100
v_624,Variable_624,signo,1
v_625,Variable_625,estudio,100
v_626,Variable_626,estudio,1
v_627,Variable_627,embedding,5
v_628,Variable_628,embedding,1
v_629,Variable_629,signo,1
v_630,Variable_630,signo,5
v_631,Variable_631,sintoma,10
v_632,Variable_632,signo,1
v_633,Variable_633,estudio,1
v_634,Variable_634,signo,10
v_635,Variable_635,signo,5
v_636,Variable_636,demografico,100
v_637,Variable_637,signo,10
v_638,Variable_638,embedding,100
v_639,Variable_639,sintoma,10
v_640,Variable_640,signo,1
v_641,Variable_641,embedding,1
v_642,Variable_642,vital,10
v_643,Variable_643,vital,5
v_644,Variable_644,demografico,1
v_645,Variable_645,demografico,1
v_646,Variable_646,vital,100
v_647,Variable_647,embedding,5
v_648,Variable_648,demografico,1
v_649,Variable_649,embedding,1
v_650,Variable_650,embedding,1
v_651,Variable_651,demografico,1
v_652,Variable_652,estudio,1
v_653,Variable_653,embedding,1
v_654,Variable_654,estudio,10
v_655,Variable_655,signo,1
v_656,Variable_656,vital,10
v_657,Variable_657,sintoma,10
v_658,Variable_658,vital,1
v_659,Variable_659,vital,5
v_660,Variable_660,embedding,1
v_661,Variable_661,estudio,10
v_662,Variable_662,estudio,1
v_663,Variable_663,demografico,5
v_664,Variable_664,sintoma,5
v_665,Variable_665,estudio,1
v_666,Variable_666,demografico,1
v_667,Variable_667,sintoma,5
v_668,Variable_668,estudio,10
v_669,Variable_669,vital,1
v_670,Variable_670,vital,5
v_671,Variable_671,sintoma,1
v_672,Variable_672,sintoma,10
v_673,Variable_673,estudio,1
v_674,Variable_674,estudio,10
v_675,Variable_675,sintoma,1
v_676,Variable_676,embedding,1
v_677,Variable_677,sintoma,1
v_678,Variable_678,demografico,1
v_679,Variable_679,demografico,5
v_680,Variable_680,demografico,1
v_681,Variable_681,vital,10
v_682,Variable_682,vital,1
v_683,Variable_683,demografico,1
v_684,Variable_684,demografico,1
v_685,Variable_685,embedding,1
v_686,Variable_686,sintoma,1
v_687,Variable_687,vital,1
v_688,Variable_688,demografico,1
v_689,Variable_689,embedding,1
v_690,Variable_690,signo,5
v_691,Variable_691,estudio,5
v_692,Variable_692,demografico,1
v_693,Variable_693,vital,1
v_694,Variable_694,demografico,100
v_695,Variable_695,signo,5
v_696,Variable_696,sintoma,5
v_697,Variable_697,vital,1
v_698,Variable_698,sintoma,10
v_699,Variable_699,estudio,10
v_700,Variable_700,embedding,5
v_701,Variable_701,sintoma,100
v_702,Variable_702,demografico,1
v_703,Variable_703,embedding,1
v_704,Variable_704,signo,10
v_705,Variable_705,sintoma,10
v_706,Variable_706,signo,1
v_707,Variable_707,embedding,1
v_708,Variable_708,vital,1
v_709,Variable_709,vital,1
v_710,Variable_710,demografico,10
v_711,Variable_711,demografico,5
v_712,Variable_712,demografico,1
v_713,Variable_713,signo,1
v_714,Variable_714,estudio,1
v_715,Variable_715,estudio,1
v_716,Variable_716,estudio,5
v_717,Variable_717,vital,100
v_718,Variable_718,vital,10
v_719,Variable_719,estudio,1
v_720,Variable_720,embedding,10
v_721,Variable_721,demografico,10
v_722,Variable_722,sintoma,10
v_723,Variable_723,embedding,1
v_724,Variable_724,embedding,1
v_725,Variable_725,estudio,1
v_726,Variable_726,sintoma,1
v_727,Variable_727,estudio,1
v_728,Variable_728,sintoma,1
v_729,Variable_729,demografico,1
v_730,Variable_730,embedding,10
v_731,Variable_731,vital,1
v_732,Variable_732,estudio,1
v_733,Variable_733,estudio,100
v_734,Variable_734,embedding,100
v_735,Variable_735,embedding,10
v_736,Variable_736,demografico,100
v_737,Variable_737,signo,5
v_738,Variable_738,estudio,100
v_739,Variable_739,sintoma,1
v_740,Variable_740,demografico,1
v_741,Variable_741,embedding,1
v_742,Variable_742,signo,1
v_743,Variable_743,estudio,1
v_744,Variable_744,estudio,5
v_745,Variable_745,embedding,10
v_746,Variable_746,embedding,5
v_747,Variable_747,embedding,1
v_748,Variable_748,vital,10
v_749,Variable_749,signo,5
v_750,Variable_750,demografico,1
v_751,Variable_751,embedding,5
v_752,Variable_752,sintoma,1
v_753,Variable_753,estudio,1
v_754,Variable_754,demografico,100
v_755,Variable_755,vital,1
v_756,Variable_756,embedding,1
v_757,Variable_757,estudio,10
v_758,Variable_758,signo,10
v_759,Variable_759,embedding,1
v_760,Variable_760,embedding,1
v_761,Variable_761,embedding,1
v_762,Variable_762,embedding,5
v_763,Variable_763,demografico,1
v_764,Variable_764,sintoma,1
v_765,Variable_765,embedding,100
v_766,Variable_766,embedding,5
v_767,Variable_767,vital,1
v_768,Variable_768,demografico,5
v_769,Variable_769,estudio,5
v_770,Variable_770,sintoma,1
v_771,Variable_771,estudio,1
v_772,Variable_772,estudio,10
v_773,Variable_773,signo,1
v_774,Variable_774,signo,5
v_775,Variable_775,estudio,1
v_776,Variable_776,vital,1
v_777,Variable_777,signo,1
v_778,Variable_778,signo,1
v_779,Variable_779,signo,1
v_780,Variable_780,signo,1
v_781,Variable_781,sintoma,10
v_782,Variable_782,estudio,100
v_783,Variable_783,sintoma,10
v_784,Variable_784,demografico,10
v_785,Variable_785,demografico,1
v_786,Variable_786,embedding,100
v_787,Variable_787,demografico,1
v_788,Variable_788,sintoma,100
v_789,Variable_789,embedding,100
v_790,Variable_790,estudio,10
v_791,Variable_791,demografico,100
v_792,Variable_792,signo,5
v_793,Variable_793,demografico,1
v_794,Variable_794,vital,1
v_795,Variable_795,signo,5
v_796,Variable_796,signo,1
v_797,Variable_797,signo,5
v_798,Variable_798,embedding,100
v_799,Variable_799,demografico,1
v_800,Variable_800,signo,10
v_801,Variable_801,embedding,100
v_802,Variable_802,vital,100
v_803,Variable_803,sintoma,100
v_804,Variable_804,vital,5
v_805,Variable_805,estudio,100
v_806,Variable_806,embedding,10
v_807,Variable_807,embedding,1
v_808,Variable_808,signo,1
v_809,Variable_809,vital,10
v_810,Variable_810,demografico,1
v_811,Variable_811,estudio,5
v_812,Variable_812,embedding,5
v_813,Variable_813,vital,1
v_814,Variable_814,signo,5
v_815,Variable_815,demografico,10
v_816,Variable_816,signo,1
v_817,Variable_817,estudio,1
v_818,Variable_818,vital,1
v_819,Variable_819,signo,1
v_820,Variable_820,estudio,100
v_821,Variable_821,embedding,1
v_822,Variable_822,demografico,5
v_823,Variable_823,vital,1
v_824,Variable_824,vital,1
v_825,Variable_825,estudio,10
v_826,Variable_826,vital,10
v_827,Variable_827,demografico,1
v_828,Variable_828,demografico,1
v_829,Variable_829,vital,1
v_830,Variable_830,signo,1
v_831,Variable_831,signo,5
v_832,Variable_832,demografico,1
v_833,Variable_833,signo,1
v_834,Variable_834,estudio,1
v_835,Variable_835,sintoma,100
v_836,Variable_836,embedding,100
v_837,Variable_837,vital,1
v_838,Variable_838,estudio,10
v_839,Variable_839,demografico,1
v_840,Variable_840,sintoma,1
v_841,Variable_841,embedding,10
v_842,Variable_842,demografico,100
v_843,Variable_843,sintoma,100
v_844,Variable_844,estudio,5
v_845,Variable_845,sintoma,1
v_846,Variable_846,signo,10
v_847,Variable_847,estudio,1
v_848,Variable_848,vital,5
v_849,Variable_849,demografico,1
v_850,Variable_850,signo,5
v_851,Variable_851,vital,1
v_852,Variable_852,sintoma,1
v_853,Variable_853,signo,100
v_854,Variable_854,vital,1
v_855,Variable_855,estudio,5
v_856,Variable_856,sintoma,1
v_857,Variable_857,vital,1
v_858,Variable_858,sintoma,1
v_859,Variable_859,vital,1
v_860,Variable_860,demografico,10
v_861,Variable_861,estudio,1
v_862,Variable_862,signo,100
v_863,Variable_863,vital,5
v_864,Variable_864,sintoma,1
v_865,Variable_865,estudio,5
v_866,Variable_866,signo,5
v_867,Variable_867,sintoma,10
v_868,Variable_868,estudio,1
v_869,Variable_869,sintoma,1
v_870,Variable_870,embedding,10
v_871,Variable_871,embedding,100
v_872,Variable_872,estudio,10
v_873,Variable_873,signo,1
v_874,Variable_874,signo,10
v_875,Variable_875,sintoma,1
v_876,Variable_876,estudio,1
v_877,Variable_877,vital,1
v_878,Variable_878,embedding,5
v_879,Variable_879,signo,1
v_880,Variable_880,embedding,1
v_881,Variable_881,vital,10
v_882,Variable_882,vital,1
v_883,Variable_883,demografico,1
v_884,Variable_884,sintoma,1
v_885,Variable_885,sintoma,100
v_886,Variable_886,sintoma,5
v_887,Variable_887,estudio,1
v_888,Variable_888,signo,10
v_889,Variable_889,signo,10
v_890,Variable_890,demografico,1
v_891,Variable_891,embedding,5
v_892,Variable_892,demografico,10
v_893,Variable_893,demografico,5
v_894,Variable_894,vital,1
v_895,Variable_895,sintoma,10
v_896,Variable_896,estudio,5
v_897,Variable_897,signo,1
v_898,Variable_898,estudio,1
v_899,Variable_899,sintoma,1
v_900,Variable_900,sintoma,1
v_901,Variable_901,signo,10
v_902,Variable_902,vital,1
v_903,Variable_903,embedding,1
v_904,Variable_904,demografico,5
v_905,Variable_905,vital,1
v_906,Variable_906,sintoma,100
v_907,Variable_907,sintoma,1
v_908,Variable_908,vital,1
v_909,Variable_909,demografico,1
v_910,Variable_910,demografico,1
v_911,Variable_911,sintoma,1
v_912,Variable_912,embedding,10
v_913,Variable_913,demografico,100
v_914,Variable_914,demografico,1
v_915,Variable_915,signo,5
v_916,Variable_916,embedding,10
v_917,Variable_917,signo,10
v_918,Variable_918,estudio,1
v_919,Variable_919,vital,1
v_920,Variable_920,sintoma,1
v_921,Variable_921,demografico,10
v_922,Variable_922,estudio,10
v_923,Variable_923,signo,1
v_924,Variable_924,demografico,1
v_925,Variable_925,vital,100
v_926,Variable_926,signo,10
v_927,Variable_927,embedding,100
v_928,Variable_928,embedding,10
v_929,Variable_929,sintoma,1
v_930,Variable_930,demografico,5
v_931,Variable_931,estudio,5
v_932,Variable_932,sintoma,1
v_933,Variable_933,demografico,5
v_934,Variable_934,demografico,10
v_935,Variable_935,demografico,1
v_936,Variable_936,demografico,10
v_937,Variable_937,demografico,5
v_938,Variable_938,sintoma,100
v_939,Variable_939,vital,1
v_940,Variable_940,vital,1
v_941,Variable_941,sintoma,5
v_942,Variable_942,embedding,1
v_943,Variable_943,vital,10
v_944,Variable_944,estudio,10
v_945,Variable_945,estudio,1
v_946,Variable_946,embedding,5
v_947,Variable_947,sintoma,5
v_948,Variable_948,estudio,1
v_949,Variable_949,sintoma,100
v_950,Variable_950,estudio,10
v_951,Variable_951,signo,5
v_952,Variable_952,embedding,10
v_953,Variable_953,embedding,1
v_954,Variable_954,embedding,100
v_955,Variable_955,sintoma,5
v_956,Variable_956,demografico,10
v_957,Variable_957,embedding,10
v_958,Variable_958,estudio,1
v_959,Variable_959,signo,10
v_960,Variable_960,sintoma,1
v_961,Variable_961,estudio,1
v_962,Variable_962,demografico,1
v_963,Variable_963,estudio,100
v_964,Variable_964,embedding,10
v_965,Variable_965,signo,10
v_966,Variable_966,embedding,10
v_967,Variable_967,vital,5
v_968,Variable_968,embedding,100
v_969,Variable_969,vital,1
v_970,Variable_970,embedding,1
v_971,Variable_971,signo,1
v_972,Variable_972,signo,10
v_973,Variable_973,sintoma,10
v_974,Variable_974,embedding,1
v_975,Variable_975,vital,1
v_976,Variable_976,sintoma,10
v_977,Variable_977,estudio,1
v_978,Variable_978,signo,10
v_979,Variable_979,sintoma,100
v_980,Variable_980,signo,1
v_981,Variable_981,sintoma,1
v_982,Variable_982,estudio,10
v_983,Variable_983,estudio,10
v_984,Variable_984,demografico,5
v_985,Variable_985,vital,100
v_986,Variable_986,demografico,1
v_987,Variable_987,vital,5
v_988,Variable_988,estudio,10
v_989,Variable_989,sintoma,10
v_990,Variable_990,embedding,1
v_991,Variable_991,signo,10
v_992,Variable_992,estudio,5
v_993,Variable_993,estudio,1
v_994,Variable_994,sintoma,1
v_995,Variable_995,embedding,10
v_996,Variable_996,estudio,1
v_997,Variable_997,estudio,1
v_998,Variable_998,sintoma,1
v_999,Variable_999,estudio,10
v_1000,Variable_1000,vital,5
v_1001,Variable_1001,vital,10
v_1002,Variable_1002,embedding,1
v_1003,Variable_1003,vital,5
v_1004,Variable_1004,vital,5
v_1005,Variable_1005,estudio,10
v_1006,Variable_1006,signo,100
v_1007,Variable_1007,vital,1
v_1008,Variable_1008,embedding,5
v_1009,Variable_1009,vital,1
v_1010,Variable_1010,estudio,5
v_1011,Variable_1011,demografico,1
v_1012,Variable_1012,estudio,1
v_1013,Variable_1013,sintoma,1
v_1014,Variable_1014,embedding,5
v_1015,Variable_1015,vital,1
v_1016,Variable_1016,sintoma,10
v_1017,Variable_1017,vital,1
v_1018,Variable_1018,demografico,1
v_1019,Variable_1019,signo,10
v_1020,Variable_1020,demografico,1
v_1021,Variable_1021,estudio,1
v_1022,Variable_1022,estudio,5
v_1023,Variable_1023,sintoma,1
v_1024,Variable_1024,sintoma,1
v_1025,Variable_1025,estudio,1
v_1026,Variable_1026,embedding,100
v_1027,Variable_1027,estudio,5
v_1028,Variable_1028,estudio,5
v_1029,Variable_1029,vital,5
v_1030,Variable_1030,demografico,1
v_1031,Variable_1031,embedding,1
v_1032,Variable_1032,vital,10
v_1033,Variable_1033,signo,1
v_1034,Variable_1034,embedding,1
v_1035,Variable_1035,vital,1
v_1036,Variable_1036,estudio,1
v_1037,Variable_1037,vital,100
v_1038,Variable_1038,sintoma,1
v_1039,Variable_1039,embedding,5
v_1040,Variable_1040,estudio,1
v_1041,Variable_1041,demografico,100
v_1042,Variable_1042,vital,1
v_1043,Variable_1043,estudio,1
v_1044,Variable_1044,embedding,10
v_1045,Variable_1045,sintoma,10
v_1046,Variable_1046,sintoma,1
v_1047,Variable_1047,embedding,1
v_1048,Variable_1048,embedding,1
v_1049,Variable_1049,vital,1
v_1050,Variable_1050,estudio,1
v_1051,Variable_1051,demografico,1
v_1052,Variable_1052,embedding,1
v_1053,Variable_1053,embedding,1
v_1054,Variable_1054,signo,5
v_1055,Variable_1055,sintoma,100
v_1056,Variable_1056,signo,5
v_1057,Variable_1057,demografico,1
v_1058,Variable_1058,embedding,1
v_1059,Variable_1059,vital,100
v_1060,Variable_1060,sintoma,1
v_1061,Variable_1061,signo,1
v_1062,Variable_1062,sintoma,5
v_1063,Variable_1063,signo,5
v_1064,Variable_1064,embedding,5
v_1065,Variable_1065,estudio,1
v_1066,Variable_1066,estudio,1
v_1067,Variable_1067,vital,100
v_1068,Variable_1068,demografico,1
v_1069,Variable_1069,sintoma,5
v_1070,Variable_1070,demografico,10
v_1071,Variable_1071,signo,5
v_1072,Variable_1072,embedding,1
v_1073,Variable_1073,vital,1
v_1074,Variable_1074,estudio,5
v_1075,Variable_1075,estudio,10
v_1076,Variable_1076,vital,100
v_1077,Variable_1077,sintoma,1
v_1078,Variable_1078,demografico,1
v_1079,Variable_1079,signo,100
v_1080,Variable_1080,demografico,10
v_1081,Variable_1081,estudio,10
v_1082,Variable_1082,vital,1
v_1083,Variable_1083,estudio,5
v_1084,Variable_1084,embedding,10
v_1085,Variable_1085,estudio,5
v_1086,Variable_1086,signo,1
v_1087,Variable_1087,sintoma,1
v_1088,Variable_1088,sintoma,5
v_1089,Variable_1089,embedding,1
v_1090,Variable_1090,signo,1
v_1091,Variable_1091,vital,100
v_1092,Variable_1092,demografico,1
v_1093,Variable_1093,vital,10
v_1094,Variable_1094,demografico,1
v_1095,Variable_1095,sintoma,5
v_1096,Variable_1096,estudio,100
v_1097,Variable_1097,estudio,1
v_1098,Variable_1098,embedding,1
v_1099,Variable_1099,vital,1
v_1100,Variable_1100,signo,1
v_1101,Variable_1101,demografico,10
v_1102,Variable_1102,estudio,100
v_1103,Variable_1103,embedding,1
v_1104,Variable_1104,vital,1
v_1105,Variable_1105,signo,1
v_1106,Variable_1106,sintoma,10
v_1107,Variable_1107,signo,1
v_1108,Variable_1108,sintoma,5
v_1109,Variable_1109,vital,5
v_1110,Variable_1110,signo,5
v_1111,Variable_1111,embedding,1
v_1112,Variable_1112,vital,10
v_1113,Variable_1113,sintoma,1
v_1114,Variable_1114,embedding,1
v_1115,Variable_1115,estudio,10
v_1116,Variable_1116,embedding,10
v_1117,Variable_1117,estudio,1
v_1118,Variable_1118,embedding,1
v_1119,Variable_1119,sintoma,1
v_1120,Variable_1120,demografico,1
v_1121,Variable_1121,demografico,1
v_1122,Variable_1122,estudio,1
v_1123,Variable_1123,estudio,1
v_1124,Variable_1124,signo,10
v_1125,Variable_1125,embedding,5
v_1126,Variable_1126,embedding,5
v_1127,Variable_1127,embedding,1
v_1128,Variable_1128,embedding,100
v_1129,Variable_1129,signo,10
v_1130,Variable_1130,estudio,10
v_1131,Variable_1131,demografico,10
v_1132,Variable_1132,signo,100
v_1133,Variable_1133,sintoma,5
v_1134,Variable_1134,signo,1
v_1135,Variable_1135,signo,5
v_1136,Variable_1136,signo,10
v_1137,Variable_1137,vital,10
v_1138,Variable_1138,sintoma,5
v_1139,Variable_1139,estudio,1
v_1140,Variable_1140,demografico,1
v_1141,Variable_1141,demografico,100
v_1142,Variable_1142,estudio,5
v_1143,Variable_1143,vital,5
v_1144,Variable_1144,demografico,1
v_1145,Variable_1145,signo,1
v_1146,Variable_1146,demografico,10
v_1147,Variable_1147,sintoma,5
v_1148,Variable_1148,sintoma,10
v_1149,Variable_1149,estudio,1
v_1150,Variable_1150,vital,5
v_1151,Variable_1151,embedding,1
v_1152,Variable_1152,embedding,10
v_1153,Variable_1153,vital,1
v_1154,Variable_1154,demografico,1
v_1155,Variable_1155,vital,5
v_1156,Variable_1156,vital,100
v_1157,Variable_1157,demografico,1
v_1158,Variable_1158,sintoma,10
v_1159,Variable_1159,signo,1
v_1160,Variable_1160,estudio,1
v_1161,Variable_1161,embedding,1
v_1162,Variable_1162,sintoma,1
v_1163,Variable_1163,vital,5
v_1164,Variable_1164,vital,1
v_1165,Variable_1165,embedding,1
v_1166,Variable_1166,demografico,100
v_1167,Variable_1167,estudio,1
v_1168,Variable_1168,signo,10
v_1169,Variable_1169,demografico,1
v_1170,Variable_1170,embedding,5
v_1171,Variable_1171,demografico,1
v_1172,Variable_1172,signo,1
v_1173,Variable_1173,signo,1
v_1174,Variable_1174,vital,1
v_1175,Variable_1175,demografico,1
v_1176,Variable_1176,sintoma,5
v_1177,Variable_1177,sintoma,10
v_1178,Variable_1178,demografico,10
v_1179,Variable_1179,signo,5
v_1180,Variable_1180,estudio,1
v_1181,Variable_1181,signo,1
v_1182,Variable_1182,signo,1
v_1183,Variable_1183,estudio,1
v_1184,Variable_1184,embedding,5
v_1185,Variable_1185,signo,5
v_1186,Variable_1186,estudio,1
v_1187,Variable_1187,demografico,1
v_1188,Variable_1188,estudio,10
v_1189,Variable_1189,sintoma,10
v_1190,Variable_1190,estudio,1
v_1191,Variable_1191,signo,100
v_1192,Variable_1192,embedding,100
v_1193,Variable_1193,demografico,1
v_1194,Variable_1194,estudio,1
v_1195,Variable_1195,signo,5
v_1196,Variable_1196,embedding,100
v_1197,Variable_1197,estudio,10
v_1198,Variable_1198,demografico,1
v_1199,Variable_1199,demografico,1
v_1200,Variable_1200,sintoma,5
v_1201,Variable_1201,demografico,5
v_1202,Variable_1202,embedding,1
v_1203,Variable_1203,signo,10
v_1204,Variable_1204,demografico,5
v_1205,Variable_1205,demografico,10
v_1206,Variable_1206,signo,10
v_1207,Variable_1207,signo,10
v_1208,Variable_1208,embedding,1
v_1209,Variable_1209,demografico,5
v_1210,Variable_1210,embedding,1
v_1211,Variable_1211,demografico,5
v_1212,Variable_1212,estudio,1
v_1213,Variable_1213,demografico,5
v_1214,Variable_1214,sintoma,1
v_1215,Variable_1215,sintoma,1
v_1216,Variable_1216,sintoma,1
v_1217,Variable_1217,sintoma,1
v_1218,Variable_1218,embedding,10
v_1219,Variable_1219,demografico,10
v_1220,Variable_1220,estudio,5
v_1221,Variable_1221,embedding,1
v_1222,Variable_1222,signo,1
v_1223,Variable_1223,demografico,1
v_1224,Variable_1224,vital,1
v_1225,Variable_1225,demografico,10
v_1226,Variable_1226,embedding,1
v_1227,Variable_1227,sintoma,1
v_1228,Variable_1228,vital,1
v_1229,Variable_1229,embedding,1
v_1230,Variable_1230,demografico,5
v_1231,Variable_1231,estudio,5
v_1232,Variable_1232,embedding,1
v_1233,Variable_1233,estudio,1
v_1234,Variable_1234,vital,1
v_1235,Variable_1235,signo,1
v_1236,Variable_1236,embedding,1
v_1237,Variable_1237,vital,100
v_1238,Variable_1238,estudio,5
v_1239,Variable_1239,vital,5
v_1240,Variable_1240,sintoma,1
v_1241,Variable_1241,embedding,1
v_1242,Variable_1242,sintoma,5
v_1243,Variable_1243,signo,5
v_1244,Variable_1244,vital,10
v_1245,Variable_1245,vital,1
v_1246,Variable_1246,vital,5
v_1247,Variable_1247,vital,1
v_1248,Variable_1248,signo,10
v_1249,Variable_1249,estudio,5
v_1250,Variable_1250,demografico,5
v_1251,Variable_1251,signo,1
v_1252,Variable_1252,estudio,5
v_1253,Variable_1253,embedding,1
v_1254,Variable_1254,estudio,1
v_1255,Variable_1255,embedding,1
v_1256,Variable_1256,estudio,5
v_1257,Variable_1257,vital,1
v_1258,Variable_1258,signo,1
v_1259,Variable_1259,estudio,10
v_1260,Variable_1260,demografico,1
v_1261,Variable_1261,demografico,5
v_1262,Variable_1262,sintoma,1
v_1263,Variable_1263,estudio,1
v_1264,Variable_1264,signo,10
v_1265,Variable_1265,vital,1
v_1266,Variable_1266,sintoma,1
v_1267,Variable_1267,estudio,5
v_1268,Variable_1268,vital,5
v_1269,Variable_1269,signo,5
v_1270,Variable_1270,signo,1
v_1271,Variable_1271,sintoma,1
v_1272,Variable_1272,sintoma,10
v_1273,Variable_1273,estudio,5
v_1274,Variable_1274,vital,10
v_1275,Variable_1275,demografico,10
v_1276,Variable_1276,vital,10
v_1277,Variable_1277,signo,1
v_1278,Variable_1278,signo,1
v_1279,Variable_1279,estudio,10
v_1280,Variable_1280,demografico,1
v_1281,Variable_1281,embedding,1
v_1282,Variable_1282,estudio,10
v_1283,Variable_1283,signo,10
v_1284,Variable_1284,signo,1
v_1285,Variable_1285,vital,1
v_1286,Variable_1286,demografico,1
v_1287,Variable_1287,vital,10
v_1288,Variable_1288,vital,100
v_1289,Variable_1289,estudio,1
v_1290,Variable_1290,vital,1
v_1291,Variable_1291,sintoma,10
v_1292,Variable_1292,sintoma,1
v_1293,Variable_1293,vital,5
v_1294,Variable_1294,demografico,100
v_1295,Variable_1295,vital,1
v_1296,Variable_1296,signo,5
v_1297,Variable_1297,signo,1
v_1298,Variable_1298,demografico,1
v_1299,Variable_1299,estudio,10
v_1300,Variable_1300,sintoma,1
v_1301,Variable_1301,sintoma,100
v_1302,Variable_1302,estudio,5
v_1303,Variable_1303,vital,1
v_1304,Variable_1304,demografico,1
v_1305,Variable_1305,embedding,1
v_1306,Variable_1306,embedding,1
v_1307,Variable_1307,vital,1
v_1308,Variable_1308,estudio,1
v_1309,Variable_1309,demografico,1
v_1310,Variable_1310,sintoma,10
v_1311,Variable_1311,sintoma,5
v_1312,Variable_1312,vital,10
v_1313,Variable_1313,signo,1
v_1314,Variable_1314,estudio,1
v_1315,Variable_1315,embedding,5
v_1316,Variable_1316,estudio,1
v_1317,Variable_1317,vital,1
v_1318,Variable_1318,estudio,10
v_1319,Variable_1319,sintoma,10
v_1320,Variable_1320,vital,5
v_1321,Variable_1321,sintoma,1
v_1322,Variable_1322,demografico,10
v_1323,Variable_1323,demografico,5
v_1324,Variable_1324,signo,10
v_1325,Variable_1325,estudio,10
v_1326,Variable_1326,demografico,10
v_1327,Variable_1327,estudio,5
v_1328,Variable_1328,sintoma,1
v_1329,Variable_1329,vital,5
v_1330,Variable_1330,demografico,5
v_1331,Variable_1331,vital,10
v_1332,Variable_1332,demografico,1
v_1333,Variable_1333,estudio,1
v_1334,Variable_1334,demografico,10
v_1335,Variable_1335,embedding,10
v_1336,Variable_1336,demografico,100
v_1337,Variable_1337,sintoma,10
v_1338,Variable_1338,signo,5
v_1339,Variable_1339,sintoma,5
v_1340,Variable_1340,vital,10
v_1341,Variable_1341,estudio,5
v_1342,Variable_1342,estudio,5
v_1343,Variable_1343,demografico,1
v_1344,Variable_1344,estudio,1
v_1345,Variable_1345,signo,10
v_1346,Variable_1346,signo,1
v_1347,Variable_1347,demografico,1
v_1348,Variable_1348,demografico,1
v_1349,Variable_1349,vital,1
v_1350,Variable_1350,demografico,1
v_1351,Variable_1351,sintoma,1
v_1352,Variable_1352,sintoma,100
v_1353,Variable_1353,sintoma,5
v_1354,Variable_1354,signo,1
v_1355,Variable_1355,embedding,1
v_1356,Variable_1356,estudio,5
v_1357,Variable_1357,vital,1
v_1358,Variable_1358,demografico,10
v_1359,Variable_1359,vital,5
v_1360,Variable_1360,signo,10
v_1361,Variable_1361,demografico,1
v_1362,Variable_1362,demografico,5
v_1363,Variable_1363,signo,1
v_1364,Variable_1364,estudio,100
v_1365,Variable_1365,demografico,5
v_1366,Variable_1366,estudio,1
v_1367,Variable_1367,signo,1
v_1368,Variable_1368,vital,1
v_1369,Variable_1369,demografico,5
v_1370,Variable_1370,embedding,1
v_1371,Variable_1371,estudio,5
v_1372,Variable_1372,demografico,1
v_1373,Variable_1373,estudio,5
v_1374,Variable_1374,demografico,10
v_1375,Variable_1375,demografico,10
v_1376,Variable_1376,demografico,10
v_1377,Variable_1377,vital,1
v_1378,Variable_1378,embedding,1
v_1379,Variable_1379,demografico,5
v_1380,Variable_1380,estudio,1
v_1381,Variable_1381,vital,1
v_1382,Variable_1382,sintoma,1
v_1383,Variable_1383,estudio,1
v_1384,Variable_1384,estudio,1
v_1385,Variable_1385,embedding,10
v_1386,Variable_1386,sintoma,1
v_1387,Variable_1387,vital,5
v_1388,Variable_1388,demografico,1
v_1389,Variable_1389,estudio,5
v_1390,Variable_1390,embedding,1
v_1391,Variable_1391,embedding,10
v_1392,Variable_1392,embedding,10
v_1393,Variable_1393,sintoma,1
v_1394,Variable_1394,demografico,100
v_1395,Variable_1395,vital,100
v_1396,Variable_1396,estudio,10
v_1397,Variable_1397,embedding,10
v_1398,Variable_1398,demografico,1
v_1399,Variable_1399,demografico,5
v_1400,Variable_1400,signo,1
v_1401,Variable_1401,embedding,1
v_1402,Variable_1402,sintoma,100
v_1403,Variable_1403,demografico,1
v_1404,Variable_1404,vital,10
v_1405,Variable_1405,signo,10
v_1406,Variable_1406,demografico,10
v_1407,Variable_1407,embedding,100
v_1408,Variable_1408,embedding,1
v_1409,Variable_1409,demografico,1
v_1410,Variable_1410,vital,1
v_1411,Variable_1411,signo,1
v_1412,Variable_1412,embedding,1
v_1413,Variable_1413,signo,1
v_1414,Variable_1414,sintoma,10
v_1415,Variable_1415,demografico,5
v_1416,Variable_1416,embedding,1
v_1417,Variable_1417,sintoma,5
v_1418,Variable_1418,signo,1
v_1419,Variable_1419,sintoma,1
v_1420,Variable_1420,vital,10
v_1421,Variable_1421,estudio,5
v_1422,Variable_1422,vital,10
v_1423,Variable_1423,signo,1
v_1424,Variable_1424,vital,10
v_1425,Variable_1425,embedding,5
v_1426,Variable_1426,signo,5
v_1427,Variable_1427,vital,5
v_1428,Variable_1428,demografico,10
v_1429,Variable_1429,demografico,5
v_1430,Variable_1430,vital,5
v_1431,Variable_1431,embedding,100
v_1432,Variable_1432,embedding,10
v_1433,Variable_1433,sintoma,1
v_1434,Variable_1434,embedding,10
v_1435,Variable_1435,signo,1
v_1436,Variable_1436,demografico,1
v_1437,Variable_1437,signo,5
v_1438,Variable_1438,demografico,100
v_1439,Variable_1439,estudio,100
v_1440,Variable_1440,embedding,1
v_1441,Variable_1441,vital,5
v_1442,Variable_1442,demografico,1
v_1443,Variable_1443,vital,100
v_1444,Variable_1444,estudio,100
v_1445,Variable_1445,signo,5
v_1446,Variable_1446,vital,10
v_1447,Variable_1447,demografico,10
v_1448,Variable_1448,estudio,5
v_1449,Variable_1449,demografico,1
v_1450,Variable_1450,estudio,1
v_1451,Variable_1451,embedding,5
v_1452,Variable_1452,embedding,5
v_1453,Variable_1453,embedding,1
v_1454,Variable_1454,embedding,100
v_1455,Variable_1455,embedding,1
v_1456,Variable_1456,estudio,5
v_1457,Variable_1457,demografico,5
v_1458,Variable_1458,vital,5
v_1459,Variable_1459,signo,5
v_1460,Variable_1460,signo,1
v_1461,Variable_1461,estudio,1
v_1462,Variable_1462,demografico,5
v_1463,Variable_1463,estudio,5
v_1464,Variable_1464,signo,1
v_1465,Variable_1465,estudio,10
v_1466,Variable_1466,estudio,1
v_1467,Variable_1467,embedding,5
v_1468,Variable_1468,signo,10
v_1469,Variable_1469,embedding,1
v_1470,Variable_1470,embedding,1
v_1471,Variable_1471,vital,10
v_1472,Variable_1472,estudio,5
v_1473,Variable_1473,vital,5
v_1474,Variable_1474,estudio,10
v_1475,Variable_1475,demografico,10
v_1476,Variable_1476,embedding,100
v_1477,Variable_1477,estudio,5
v_1478,Variable_1478,estudio,1
v_1479,Variable_1479,sintoma,1
v_1480,Variable_1480,demografico,1
v_1481,Variable_1481,embedding,5
v_1482,Variable_1482,demografico,1
v_1483,Variable_1483,vital,100
v_1484,Variable_1484,vital,5
v_1485,Variable_1485,estudio,5
v_1486,Variable_1486,signo,1
v_1487,Variable_1487,estudio,1
v_1488,Variable_1488,sintoma,1
v_1489,Variable_1489,estudio,1
v_1490,Variable_1490,embedding,1
v_1491,Variable_1491,sintoma,5
v_1492,Variable_1492,estudio,10
v_1493,Variable_1493,vital,10
v_1494,Variable_1494,embedding,5
v_1495,Variable_1495,estudio,1
v_1496,Variable_1496,embedding,10
v_1497,Variable_1497,vital,10
v_1498,Variable_1498,signo,1
v_1499,Variable_1499,signo,10
v_1500,Variable_1500,demografico,1
v_1501,Variable_1501,estudio,10
v_1502,Variable_1502,demografico,100
v_1503,Variable_1503,embedding,1
v_1504,Variable_1504,estudio,10
v_1505,Variable_1505,signo,5
v_1506,Variable_1506,sintoma,100
v_1507,Variable_1507,demografico,1
v_1508,Variable_1508,embedding,10
v_1509,Variable_1509,demografico,1
v_1510,Variable_1510,signo,1
v_1511,Variable_1511,signo,1
v_1512,Variable_1512,sintoma,100
v_1513,Variable_1513,embedding,10
v_1514,Variable_1514,demografico,10
v_1515,Variable_1515,signo,100
v_1516,Variable_1516,embedding,1
v_1517,Variable_1517,signo,1
v_1518,Variable_1518,sintoma,1
v_1519,Variable_1519,sintoma,1
v_1520,Variable_1520,vital,1
v_1521,Variable_1521,estudio,1
v_1522,Variable_1522,embedding,1
v_1523,Variable_1523,vital,1
v_1524,Variable_1524,sintoma,1
v_1525,Variable_1525,embedding,1
v_1526,Variable_1526,signo,100
v_1527,Variable_1527,sintoma,10
v_1528,Variable_1528,demografico,100
v_1529,Variable_1529,signo,1
v_1530,Variable_1530,vital,1
v_1531,Variable_1531,embedding,10
v_1532,Variable_1532,vital,1
v_1533,Variable_1533,vital,1
v_1534,Variable_1534,embedding,1
v_1535,Variable_1535,signo,1
v_1536,Variable_1536,estudio,1
v_1537,Variable_1537,estudio,1
v_1538,Variable_1538,estudio,5
v_1539,Variable_1539,embedding,1
v_1540,Variable_1540,sintoma,1
v_1541,Variable_1541,sintoma,10
v_1542,Variable_1542,embedding,1
v_1543,Variable_1543,demografico,1
v_1544,Variable_1544,signo,10
v_1545,Variable_1545,demografico,1
v_1546,Variable_1546,embedding,1
v_1547,Variable_1547,embedding,1
v_1548,Variable_1548,sintoma,1
v_1549,Variable_1549,signo,5
v_1550,Variable_1550,vital,10
v_1551,Variable_1551,signo,1
v_1552,Variable_1552,sintoma,5
v_1553,Variable_1553,vital,5
v_1554,Variable_1554,vital,1
v_1555,Variable_1555,signo,5
v_1556,Variable_1556,embedding,1
v_1557,Variable_1557,estudio,1
v_1558,Variable_1558,sintoma,1
v_1559,Variable_1559,sintoma,1
v_1560,Variable_1560,estudio,1
v_1561,Variable_1561,demografico,10
v_1562,Variable_1562,demografico,1
v_1563,Variable_1563,sintoma,1
v_1564,Variable_1564,estudio,1
v_1565,Variable_1565,estudio,10
v_1566,Variable_1566,vital,5
v_1567,Variable_1567,embedding,5
v_1568,Variable_1568,demografico,10
v_1569,Variable_1569,demografico,10
v_1570,Variable_1570,vital,1
v_1571,Variable_1571,signo,5
v_1572,Variable_1572,demografico,10
v_1573,Variable_1573,vital,100
v_1574,Variable_1574,estudio,10
v_1575,Variable_1575,signo,1
v_1576,Variable_1576,sintoma,1
v_1577,Variable_1577,estudio,1
v_1578,Variable_1578,signo,10
v_1579,Variable_1579,embedding,1
v_1580,Variable_1580,vital,1
v_1581,Variable_1581,embedding,10
v_1582,Variable_1582,estudio,1
v_1583,Variable_1583,embedding,10
v_1584,Variable_1584,signo,1
v_1585,Variable_1585,sintoma,1
v_1586,Variable_1586,embedding,1
v_1587,Variable_1587,estudio,10
v_1588,Variable_1588,estudio,1
v_1589,Variable_1589,demografico,1
v_1590,Variable_1590,embedding,100
v_1591,Variable_1591,signo,1
v_1592,Variable_1592,signo,5
v_1593,Variable_1593,demografico,5
v_1594,Variable_1594,embedding,1
v_1595,Variable_1595,vital,5
v_1596,Variable_1596,vital,1
v_1597,Variable_1597,demografico,5
v_1598,Variable_1598,estudio,1
v_1599,Variable_1599,sintoma,5
v_1600,Variable_1600,vital,1
v_1601,Variable_1601,embedding,5
v_1602,Variable_1602,sintoma,1
v_1603,Variable_1603,signo,1
v_1604,Variable_1604,signo,1
v_1605,Variable_1605,vital,1
v_1606,Variable_1606,estudio,10
v_1607,Variable_1607,signo,1
v_1608,Variable_1608,sintoma,100
v_1609,Variable_1609,estudio,100
v_1610,Variable_1610,vital,5
v_1611,Variable_1611,signo,1
v_1612,Variable_1612,vital,1
v_1613,Variable_1613,estudio,10
v_1614,Variable_1614,estudio,1
v_1615,Variable_1615,estudio,1
v_1616,Variable_1616,demografico,5
v_1617,Variable_1617,embedding,10
v_1618,Variable_1618,demografico,10
v_1619,Variable_1619,sintoma,1
v_1620,Variable_1620,estudio,5
v_1621,Variable_1621,embedding,1
v_1622,Variable_1622,estudio,1
v_1623,Variable_1623,embedding,10
v_1624,Variable_1624,signo,1
v_1625,Variable_1625,sintoma,1
v_1626,Variable_1626,embedding,1
v_1627,Variable_1627,sintoma,10
v_1628,Variable_1628,vital,10
v_1629,Variable_1629,estudio,5
v_1630,Variable_1630,signo,10
v_1631,Variable_1631,vital,1
v_1632,Variable_1632,embedding,1
v_1633,Variable_1633,demografico,1
v_1634,Variable_1634,embedding,1
v_1635,Variable_1635,estudio,1
v_1636,Variable_1636,embedding,100
v_1637,Variable_1637,sintoma,1
v_1638,Variable_1638,embedding,1
v_1639,Variable_1639,estudio,1
v_1640,Variable_1640,estudio,1
v_1641,Variable_1641,demografico,100
v_1642,Variable_1642,signo,1
v_1643,Variable_1643,signo,1
v_1644,Variable_1644,signo,10
v_1645,Variable_1645,vital,1
v_1646,Variable_1646,signo,1
v_1647,Variable_1647,vital,1
v_1648,Variable_1648,embedding,5
v_1649,Variable_1649,demografico,100
v_1650,Variable_1650,estudio,10
v_1651,Variable_1651,vital,1
v_1652,Variable_1652,embedding,10
v_1653,Variable_1653,demografico,1
v_1654,Variable_1654,vital,1
v_1655,Variable_1655,demografico,1
v_1656,Variable_1656,embedding,1
v_1657,Variable_1657,signo,5
v_1658,Variable_1658,signo,5
v_1659,Variable_1659,embedding,100
v_1660,Variable_1660,demografico,5
v_1661,Variable_1661,sintoma,5
v_1662,Variable_1662,demografico,1
v_1663,Variable_1663,vital,1
v_1664,Variable_1664,demografico,5
v_1665,Variable_1665,embedding,1
v_1666,Variable_1666,estudio,10
v_1667,Variable_1667,sintoma,1
v_1668,Variable_1668,demografico,1
v_1669,Variable_1669,sintoma,1
v_1670,Variable_1670,sintoma,1
v_1671,Variable_1671,demografico,1
v_1672,Variable_1672,demografico,10
v_1673,Variable_1673,signo,1
v_1674,Variable_1674,demografico,5
v_1675,Variable_1675,demografico,1
v_1676,Variable_1676,signo,1
v_1677,Variable_1677,signo,1
v_1678,Variable_1678,estudio,10
v_1679,Variable_1679,demografico,1
v_1680,Variable_1680,vital,10
v_1681,Variable_1681,sintoma,1
v_1682,Variable_1682,embedding,10
v_1683,Variable_1683,signo,1
v_1684,Variable_1684,embedding,5
v_1685,Variable_1685,demografico,5
v_1686,Variable_1686,vital,100
v_1687,Variable_1687,sintoma,1
v_1688,Variable_1688,demografico,1
v_1689,Variable_1689,vital,1
v_1690,Variable_1690,sintoma,10
v_1691,Variable_1691,vital,5
v_1692,Variable_1692,signo,10
v_1693,Variable_1693,demografico,1
v_1694,Variable_1694,vital,1
v_1695,Variable_1695,vital,1
v_1696,Variable_1696,demografico,100
v_1697,Variable_1697,sintoma,5
v_1698,Variable_1698,demografico,100
v_1699,Variable_1699,vital,1
v_1700,Variable_1700,embedding,5
v_1701,Variable_1701,estudio,5
v_1702,Variable_1702,embedding,1
v_1703,Variable_1703,sintoma,10
v_1704,Variable_1704,vital,100
v_1705,Variable_1705,estudio,10
v_1706,Variable_1706,sintoma,10
v_1707,Variable_1707,embedding,1
v_1708,Variable_1708,signo,1
v_1709,Variable_1709,demografico,100
v_1710,Variable_1710,sintoma,1
v_1711,Variable_1711,sintoma,10
v_1712,Variable_1712,vital,10
v_1713,Variable_1713,estudio,5
v_1714,Variable_1714,embedding,100
v_1715,Variable_1715,sintoma,1
v_1716,Variable_1716,demografico,1
v_1717,Variable_1717,sintoma,1
v_1718,Variable_1718,sintoma,1
v_1719,Variable_1719,vital,1
v_1720,Variable_1720,sintoma,1
v_1721,Variable_1721,estudio,10
v_1722,Variable_1722,vital,100
v_1723,Variable_1723,signo,1
v_1724,Variable_1724,signo,1
v_1725,Variable_1725,embedding,100
v_1726,Variable_1726,embedding,1
v_1727,Variable_1727,embedding,1
v_1728,Variable_1728,vital,1
v_1729,Variable_1729,estudio,5
v_1730,Variable_1730,vital,1
v_1731,Variable_1731,vital,100
v_1732,Variable_1732,vital,1
v_1733,Variable_1733,vital,5
v_1734,Variable_1734,sintoma,1
v_1735,Variable_1735,embedding,1
v_1736,Variable_1736,embedding,5
v_1737,Variable_1737,demografico,10
v_1738,Variable_1738,signo,10
v_1739,Variable_1739,embedding,5
v_1740,Variable_1740,estudio,100
v_1741,Variable_1741,sintoma,10
v_1742,Variable_1742,signo,10
v_1743,Variable_1743,demografico,1
v_1744,Variable_1744,vital,1
v_1745,Variable_1745,demografico,1
v_1746,Variable_1746,signo,5
v_1747,Variable_1747,embedding,1
v_1748,Variable_1748,signo,1
v_1749,Variable_1749,sintoma,10
v_1750,Variable_1750,sintoma,10
v_1751,Variable_1751,estudio,100
v_1752,Variable_1752,vital,1
v_1753,Variable_1753,embedding,5
v_1754,Variable_1754,embedding,1
v_1755,Variable_1755,demografico,1
v_1756,Variable_1756,vital,1
v_1757,Variable_1757,demografico,1
v_1758,Variable_1758,vital,1
v_1759,Variable_1759,signo,10
v_1760,Variable_1760,signo,1
v_1761,Variable_1761,vital,10
v_1762,Variable_1762,estudio,5
v_1763,Variable_1763,signo,1
v_1764,Variable_1764,estudio,1
v_1765,Variable_1765,signo,1
v_1766,Variable_1766,embedding,5
v_1767,Variable_1767,sintoma,1
v_1768,Variable_1768,sintoma,1
v_1769,Variable_1769,embedding,1
v_1770,Variable_1770,vital,5
v_1771,Variable_1771,demografico,100
v_1772,Variable_1772,sintoma,1
v_1773,Variable_1773,signo,10
v_1774,Variable_1774,signo,5
v_1775,Variable_1775,sintoma,100
v_1776,Variable_1776,sintoma,10
v_1777,Variable_1777,demografico,5
v_1778,Variable_1778,sintoma,5
v_1779,Variable_1779,vital,10
v_1780,Variable_1780,demografico,1
v_1781,Variable_1781,embedding,1
v_1782,Variable_1782,embedding,1
v_1783,Variable_1783,sintoma,10
v_1784,Variable_1784,signo,10
v_1785,Variable_1785,embedding,1
v_1786,Variable_1786,sintoma,5
v_1787,Variable_1787,vital,1
v_1788,Variable_1788,vital,1
v_1789,Variable_1789,signo,100
v_1790,Variable_1790,demografico,1
v_1791,Variable_1791,signo,1
v_1792,Variable_1792,sintoma,5
v_1793,Variable_1793,signo,10
v_1794,Variable_1794,demografico,1
v_1795,Variable_1795,estudio,5
v_1796,Variable_1796,signo,5
v_1797,Variable_1797,embedding,1
v_1798,Variable_1798,demografico,1
v_1799,Variable_1799,estudio,5
v_1800,Variable_1800,demografico,1
v_1801,Variable_1801,demografico,100
v_1802,Variable_1802,embedding,10
v_1803,Variable_1803,estudio,100
v_1804,Variable_1804,signo,1
v_1805,Variable_1805,estudio,100
v_1806,Variable_1806,signo,1
v_1807,Variable_1807,embedding,1
v_1808,Variable_1808,demografico,1
v_1809,Variable_1809,signo,1
v_1810,Variable_1810,vital,5
v_1811,Variable_1811,estudio,1
v_1812,Variable_1812,estudio,1
v_1813,Variable_1813,sintoma,5
v_1814,Variable_1814,demografico,1
v_1815,Variable_1815,demografico,5
v_1816,Variable_1816,embedding,1
v_1817,Variable_1817,signo,10
v_1818,Variable_1818,embedding,10
v_1819,Variable_1819,embedding,1
v_1820,Variable_1820,vital,1
v_1821,Variable_1821,demografico,1
v_1822,Variable_1822,vital,10
v_1823,Variable_1823,sintoma,1
v_1824,Variable_1824,estudio,1
v_1825,Variable_1825,embedding,1
v_1826,Variable_1826,embedding,1
v_1827,Variable_1827,vital,1
v_1828,Variable_1828,demografico,10
v_1829,Variable_1829,estudio,1
v_1830,Variable_1830,embedding,1
v_1831,Variable_1831,vital,10
v_1832,Variable_1832,vital,10
v_1833,Variable_1833,signo,1
v_1834,Variable_1834,estudio,1
v_1835,Variable_1835,vital,1
v_1836,Variable_1836,signo,100
v_1837,Variable_1837,demografico,1
v_1838,Variable_1838,vital,100
v_1839,Variable_1839,signo,5
v_1840,Variable_1840,signo,5
v_1841,Variable_1841,estudio,1
v_1842,Variable_1842,embedding,1
v_1843,Variable_1843,signo,1
v_1844,Variable_1844,vital,1
v_1845,Variable_1845,sintoma,5
v_1846,Variable_1846,demografico,100
v_1847,Variable_1847,vital,5
v_1848,Variable_1848,vital,10
v_1849,Variable_1849,demografico,1
v_1850,Variable_1850,demografico,1
v_1851,Variable_1851,signo,1
v_1852,Variable_1852,vital,5
v_1853,Variable_1853,signo,100
v_1854,Variable_1854,estudio,5
v_1855,Variable_1855,signo,1
v_1856,Variable_1856,estudio,1
v_1857,Variable_1857,embedding,5
v_1858,Variable_1858,sintoma,1
v_1859,Variable_1859,vital,10
v_1860,Variable_1860,estudio,10
v_1861,Variable_1861,sintoma,5
v_1862,Variable_1862,demografico,1
v_1863,Variable_1863,embedding,1
v_1864,Variable_1864,signo,1
v_1865,Variable_1865,sintoma,1
v_1866,Variable_1866,estudio,1
v_1867,Variable_1867,vital,5
v_1868,Variable_1868,embedding,5
v_1869,Variable_1869,demografico,1
v_1870,Variable_1870,demografico,1
v_1871,Variable_1871,sintoma,1
v_1872,Variable_1872,sintoma,1
v_1873,Variable_1873,signo,10
v_1874,Variable_1874,demografico,1
v_1875,Variable_1875,embedding,1
v_1876,Variable_1876,embedding,1
v_1877,Variable_1877,demografico,10
v_1878,Variable_1878,signo,5
v_1879,Variable_1879,vital,1
v_1880,Variable_1880,signo,5
v_1881,Variable_1881,estudio,10
v_1882,Variable_1882,estudio,100
v_1883,Variable_1883,sintoma,1
v_1884,Variable_1884,signo,10
v_1885,Variable_1885,signo,100
v_1886,Variable_1886,embedding,100
v_1887,Variable_1887,sintoma,5
v_1888,Variable_1888,embedding,5
v_1889,Variable_1889,vital,1
v_1890,Variable_1890,signo,10
v_1891,Variable_1891,embedding,5
v_1892,Variable_1892,demografico,5
v_1893,Variable_1893,embedding,1
v_1894,Variable_1894,signo,10
v_1895,Variable_1895,vital,10
v_1896,Variable_1896,signo,1
v_1897,Variable_1897,demografico,10
v_1898,Variable_1898,estudio,5
v_1899,Variable_1899,estudio,10
v_1900,Variable_1900,vital,1
v_1901,Variable_1901,vital,1
v_1902,Variable_1902,demografico,100
v_1903,Variable_1903,embedding,1
v_1904,Variable_1904,estudio,10
v_1905,Variable_1905,estudio,1
v_1906,Variable_1906,estudio,5
v_1907,Variable_1907,estudio,1
v_1908,Variable_1908,demografico,5
v_1909,Variable_1909,vital,1
v_1910,Variable_1910,vital,1
v_1911,Variable_1911,sintoma,1
v_1912,Variable_1912,embedding,1
v_1913,Variable_1913,vital,100
v_1914,Variable_1914,estudio,100
v_1915,Variable_1915,signo,1
v_1916,Variable_1916,estudio,10
v_1917,Variable_1917,estudio,1
v_1918,Variable_1918,vital,5
v_1919,Variable_1919,sintoma,10
v_1920,Variable_1920,demografico,100
v_1921,Variable_1921,signo,1
v_1922,Variable_1922,embedding,10
v_1923,Variable_1923,signo,1
v_1924,Variable_1924,sintoma,100
v_1925,Variable_1925,estudio,1
v_1926,Variable_1926,demografico,5
v_1927,Variable_1927,demografico,5
v_1928,Variable_1928,demografico,5
v_1929,Variable_1929,embedding,1
v_1930,Variable_1930,vital,100
v_1931,Variable_1931,estudio,1
v_1932,Variable_1932,signo,5
v_1933,Variable_1933,signo,1
v_1934,Variable_1934,estudio,1
v_1935,Variable_1935,signo,5
v_1936,Variable_1936,vital,1
v_1937,Variable_1937,demografico,1
v_1938,Variable_1938,signo,1
v_1939,Variable_1939,vital,1
v_1940,Variable_1940,demografico,10
v_1941,Variable_1941,embedding,10
v_1942,Variable_1942,embedding,1
v_1943,Variable_1943,estudio,1
v_1944,Variable_1944,estudio,1
v_1945,Variable_1945,vital,1
v_1946,Variable_1946,embedding,5
v_1947,Variable_1947,embedding,5
v_1948,Variable_1948,embedding,1
v_1949,Variable_1949,vital,1
v_1950,Variable_1950,vital,1
v_1951,Variable_1951,signo,10
v_1952,Variable_1952,embedding,100
v_1953,Variable_1953,estudio,1
v_1954,Variable_1954,signo,1
v_1955,Variable_1955,signo,10
v_1956,Variable_1956,embedding,100
v_1957,Variable_1957,demografico,1
v_1958,Variable_1958,vital,1
v_1959,Variable_1959,signo,1
v_1960,Variable_1960,demografico,5
v_1961,Variable_1961,embedding,1
v_1962,Variable_1962,sintoma,1
v_1963,Variable_1963,demografico,5
v_1964,Variable_1964,sintoma,1
v_1965,Variable_1965,sintoma,10
v_1966,Variable_1966,embedding,1
v_1967,Variable_1967,sintoma,1
v_1968,Variable_1968,sintoma,5
v_1969,Variable_1969,vital,1
v_1970,Variable_1970,signo,100
v_1971,Variable_1971,embedding,5
v_1972,Variable_1972,signo,1
v_1973,Variable_1973,sintoma,10
v_1974,Variable_1974,embedding,1
v_1975,Variable_1975,signo,100
v_1976,Variable_1976,sintoma,1
v_1977,Variable_1977,signo,5
v_1978,Variable_1978,demografico,1
v_1979,Variable_1979,vital,1
v_1980,Variable_1980,estudio,10
v_1981,Variable_1981,sintoma,10
v_1982,Variable_1982,demografico,1
v_1983,Variable_1983,embedding,1
v_1984,Variable_1984,embedding,10
v_1985,Variable_1985,demografico,100
v_1986,Variable_1986,vital,1
v_1987,Variable_1987,embedding,1
v_1988,Variable_1988,vital,1
v_1989,Variable_1989,sintoma,10
v_1990,Variable_1990,sintoma,1
v_1991,Variable_1991,demografico,1
v_1992,Variable_1992,demografico,10
v_1993,Variable_1993,vital,1
v_1994,Variable_1994,sintoma,1
v_1995,Variable_1995,sintoma,1
v_1996,Variable_1996,demografico,1
v_1997,Variable_1997,embedding,1
v_1998,Variable_1998,estudio,5
v_1999,Variable_1999,demografico,1
v_2000,Variable_2000,estudio,5
v_2001,Variable_2001,sintoma,10
v_2002,Variable_2002,demografico,10
v_2003,Variable_2003,embedding,1
v_2004,Variable_2004,embedding,1
v_2005,Variable_2005,vital,1
v_2006,Variable_2006,signo,1
v_2007,Variable_2007,sintoma,1
v_2008,Variable_2008,sintoma,5
v_2009,Variable_2009,demografico,1
v_2010,Variable_2010,signo,1
v_2011,Variable_2011,signo,1
v_2012,Variable_2012,signo,5
v_2013,Variable_2013,demografico,1
v_2014,Variable_2014,demografico,5
v_2015,Variable_2015,estudio,1
v_2016,Variable_2016,estudio,10
v_2017,Variable_2017,estudio,10
v_2018,Variable_2018,vital,1
v_2019,Variable_2019,sintoma,1
v_2020,Variable_2020,estudio,1
v_2021,Variable_2021,vital,1
v_2022,Variable_2022,vital,5
v_2023,Variable_2023,demografico,10
v_2024,Variable_2024,signo,5
v_2025,Variable_2025,embedding,10
v_2026,Variable_2026,signo,1
v_2027,Variable_2027,estudio,1
v_2028,Variable_2028,embedding,10
v_2029,Variable_2029,sintoma,1
v_2030,Variable_2030,embedding,5
v_2031,Variable_2031,embedding,1
v_2032,Variable_2032,sintoma,1
v_2033,Variable_2033,sintoma,100
v_2034,Variable_2034,vital,1
v_2035,Variable_2035,vital,100
v_2036,Variable_2036,vital,100
v_2037,Variable_2037,demografico,10
v_2038,Variable_2038,vital,5
v_2039,Variable_2039,sintoma,5
v_2040,Variable_2040,embedding,10
v_2041,Variable_2041,sintoma,1
v_2042,Variable_2042,embedding,1
v_2043,Variable_2043,signo,5
v_2044,Variable_2044,sintoma,1
v_2045,Variable_2045,vital,1
v_2046,Variable_2046,vital,1
v_2047,Variable_2047,embedding,5
v_2048,Variable_2048,estudio,10
v_2049,Variable_2049,demografico,1
v_2050,Variable_2050,sintoma,100
v_2051,Variable_2051,demografico,5
v_2052,Variable_2052,sintoma,10
v_2053,Variable_2053,signo,5
v_2054,Variable_2054,signo,10
v_2055,Variable_2055,embedding,1
v_2056,Variable_2056,demografico,10
v_2057,Variable_2057,vital,1
v_2058,Variable_2058,estudio,10
v_2059,Variable_2059,sintoma,100
v_2060,Variable_2060,sintoma,1
v_2061,Variable_2061,embedding,1
v_2062,Variable_2062,estudio,10
v_2063,Variable_2063,demografico,1
v_2064,Variable_2064,demografico,10
v_2065,Variable_2065,embedding,1
v_2066,Variable_2066,sintoma,1
v_2067,Variable_2067,signo,100
v_2068,Variable_2068,estudio,5
v_2069,Variable_2069,sintoma,10
v_2070,Variable_2070,signo,1
v_2071,Variable_2071,demografico,5
v_2072,Variable_2072,signo,5
v_2073,Variable_2073,embedding,5
v_2074,Variable_2074,vital,5
v_2075,Variable_2075,sintoma,5
v_2076,Variable_2076,estudio,1
v_2077,Variable_2077,signo,1
v_2078,Variable_2078,demografico,10
v_2079,Variable_2079,signo,1
v_2080,Variable_2080,demografico,5
v_2081,Variable_2081,vital,1
v_2082,Variable_2082,embedding,5
v_2083,Variable_2083,demografico,10
v_2084,Variable_2084,estudio,1
v_2085,Variable_2085,vital,1
v_2086,Variable_2086,embedding,1
v_2087,Variable_2087,signo,5
v_2088,Variable_2088,embedding,10
v_2089,Variable_2089,embedding,1
v_2090,Variable_2090,sintoma,10
v_2091,Variable_2091,demografico,1
v_2092,Variable_2092,embedding,1
v_2093,Variable_2093,estudio,100
v_2094,Variable_2094,sintoma,1
v_2095,Variable_2095,sintoma,1
v_2096,Variable_2096,vital,1
v_2097,Variable_2097,signo,1
v_2098,Variable_2098,sintoma,1
v_2099,Variable_2099,estudio,1
v_2100,Variable_2100,demografico,5
v_2101,Variable_2101,demografico,1
v_2102,Variable_2102,demografico,5
v_2103,Variable_2103,vital,1
v_2104,Variable_2104,estudio,1
v_2105,Variable_2105,sintoma,5
v_2106,Variable_2106,embedding,100
v_2107,Variable_2107,estudio,1
v_2108,Variable_2108,vital,10
v_2109,Variable_2109,vital,5
v_2110,Variable_2110,signo,5
v_2111,Variable_2111,estudio,5
v_2112,Variable_2112,demografico,1
v_2113,Variable_2113,vital,1
v_2114,Variable_2114,vital,5
v_2115,Variable_2115,signo,1
v_2116,Variable_2116,embedding,100
v_2117,Variable_2117,demografico,1
v_2118,Variable_2118,embedding,1
v_2119,Variable_2119,vital,10
v_2120,Variable_2120,sintoma,1
v_2121,Variable_2121,demografico,5
v_2122,Variable_2122,estudio,5
v_2123,Variable_2123,signo,100
v_2124,Variable_2124,embedding,10
v_2125,Variable_2125,sintoma,5
v_2126,Variable_2126,sintoma,5
v_2127,Variable_2127,estudio,100
v_2128,Variable_2128,signo,1
v_2129,Variable_2129,vital,1
v_2130,Variable_2130,embedding,1
v_2131,Variable_2131,embedding,1
v_2132,Variable_2132,signo,5
v_2133,Variable_2133,embedding,5
v_2134,Variable_2134,vital,5
v_2135,Variable_2135,estudio,1
v_2136,Variable_2136,estudio,10
v_2137,Variable_2137,sintoma,1
v_2138,Variable_2138,sintoma,5
v_2139,Variable_2139,sintoma,5
v_2140,Variable_2140,estudio,1
v_2141,Variable_2141,vital,1
v_2142,Variable_2142,estudio,1
v_2143,Variable_2143,estudio,10
v_2144,Variable_2144,sintoma,100
v_2145,Variable_2145,signo,5
v_2146,Variable_2146,sintoma,1
v_2147,Variable_2147,signo,1
v_2148,Variable_2148,vital,10
v_2149,Variable_2149,vital,10
v_2150,Variable_2150,demografico,1
v_2151,Variable_2151,demografico,1
v_2152,Variable_2152,demografico,10
v_2153,Variable_2153,vital,1
v_2154,Variable_2154,sintoma,1
v_2155,Variable_2155,sintoma,1
v_2156,Variable_2156,sintoma,5
v_2157,Variable_2157,estudio,10
v_2158,Variable_2158,demografico,100
v_2159,Variable_2159,sintoma,5
v_2160,Variable_2160,demografico,5
v_2161,Variable_2161,demografico,1
v_2162,Variable_2162,estudio,5
v_2163,Variable_2163,vital,1
v_2164,Variable_2164,sintoma,5
v_2165,Variable_2165,estudio,1
v_2166,Variable_2166,vital,1
v_2167,Variable_2167,vital,1
v_2168,Variable_2168,sintoma,1
v_2169,Variable_2169,embedding,1
v_2170,Variable_2170,demografico,1
v_2171,Variable_2171,signo,100
v_2172,Variable_2172,demografico,1
v_2173,Variable_2173,demografico,5
v_2174,Variable_2174,signo,10
v_2175,Variable_2175,embedding,100
v_2176,Variable_2176,vital,5
v_2177,Variable_2177,signo,10
v_2178,Variable_2178,signo,1
v_2179,Variable_2179,estudio,1
v_2180,Variable_2180,estudio,1
v_2181,Variable_2181,estudio,5
v_2182,Variable_2182,vital,5
v_2183,Variable_2183,signo,1
v_2184,Variable_2184,sintoma,1
v_2185,Variable_2185,signo,5
v_2186,Variable_2186,vital,1
v_2187,Variable_2187,estudio,5
v_2188,Variable_2188,vital,5
v_2189,Variable_2189,estudio,10
v_2190,Variable_2190,vital,10
v_2191,Variable_2191,sintoma,10
v_2192,Variable_2192,estudio,1
v_2193,Variable_2193,estudio,10
v_2194,Variable_2194,signo,5
v_2195,Variable_2195,embedding,1
v_2196,Variable_2196,embedding,1
v_2197,Variable_2197,vital,1
v_2198,Variable_2198,demografico,1
v_2199,Variable_2199,demografico,5
v_2200,Variable_2200,signo,10
v_2201,Variable_2201,vital,1
v_2202,Variable_2202,sintoma,1
v_2203,Variable_2203,signo,100
v_2204,Variable_2204,estudio,1
v_2205,Variable_2205,sintoma,1
v_2206,Variable_2206,vital,5
v_2207,Variable_2207,estudio,5
v_2208,Variable_2208,demografico,1
v_2209,Variable_2209,vital,1
v_2210,Variable_2210,estudio,1
v_2211,Variable_2211,vital,5
v_2212,Variable_2212,estudio,5
v_2213,Variable_2213,vital,1
v_2214,Variable_2214,embedding,5
v_2215,Variable_2215,demografico,10
v_2216,Variable_2216,signo,1
v_2217,Variable_2217,estudio,1
v_2218,Variable_2218,estudio,5
v_2219,Variable_2219,demografico,1
v_2220,Variable_2220,embedding,1
v_2221,Variable_2221,signo,5
v_2222,Variable_2222,vital,10
v_2223,Variable_2223,estudio,10
v_2224,Variable_2224,signo,5
v_2225,Variable_2225,vital,10
v_2226,Variable_2226,estudio,1
v_2227,Variable_2227,estudio,5
v_2228,Variable_2228,embedding,1
v_2229,Variable_2229,embedding,1
v_2230,Variable_2230,embedding,10
v_2231,Variable_2231,vital,5
v_2232,Variable_2232,demografico,1
v_2233,Variable_2233,signo,100
v_2234,Variable_2234,estudio,1
v_2235,Variable_2235,vital,1
v_2236,Variable_2236,estudio,1
v_2237,Variable_2237,vital,10
v_2238,Variable_2238,estudio,10
v_2239,Variable_2239,sintoma,1
v_2240,Variable_2240,demografico,5
v_2241,Variable_2241,signo,1
v_2242,Variable_2242,demografico,10
v_2243,Variable_2243,demografico,1
v_2244,Variable_2244,signo,1
v_2245,Variable_2245,embedding,100
v_2246,Variable_2246,demografico,1
v_2247,Variable_2247,sintoma,1
v_2248,Variable_2248,embedding,5
v_2249,Variable_2249,vital,100
v_2250,Variable_2250,embedding,1
v_2251,Variable_2251,signo,1
v_2252,Variable_2252,vital,1
v_2253,Variable_2253,estudio,5
v_2254,Variable_2254,embedding,1
v_2255,Variable_2255,sintoma,5
v_2256,Variable_2256,vital,100
v_2257,Variable_2257,embedding,1
v_2258,Variable_2258,vital,1
v_2259,Variable_2259,signo,1
v_2260,Variable_2260,embedding,1
v_2261,Variable_2261,estudio,10
v_2262,Variable_2262,signo,1
v_2263,Variable_2263,estudio,1
v_2264,Variable_2264,embedding,5
v_2265,Variable_2265,signo,1
v_2266,Variable_2266,embedding,5
v_2267,Variable_2267,vital,1
v_2268,Variable_2268,vital,10
v_2269,Variable_2269,sintoma,100
v_2270,Variable_2270,vital,5
v_2271,Variable_2271,demografico,100
v_2272,Variable_2272,vital,1
v_2273,Variable_2273,demografico,1
v_2274,Variable_2274,vital,5
v_2275,Variable_2275,demografico,5
v_2276,Variable_2276,demografico,1
v_2277,Variable_2277,embedding,1
v_2278,Variable_2278,vital,1
v_2279,Variable_2279,demografico,1
v_2280,Variable_2280,sintoma,1
v_2281,Variable_2281,estudio,10
v_2282,Variable_2282,embedding,1
v_2283,Variable_2283,demografico,1
v_2284,Variable_2284,demografico,5
v_2285,Variable_2285,embedding,5
v_2286,Variable_2286,sintoma,10
v_2287,Variable_2287,sintoma,5
v_2288,Variable_2288,signo,1
v_2289,Variable_2289,embedding,10
v_2290,Variable_2290,embedding,5
v_2291,Variable_2291,estudio,1
v_2292,Variable_2292,signo,5
v_2293,Variable_2293,embedding,100
v_2294,Variable_2294,demografico,1
v_2295,Variable_2295,sintoma,1
v_2296,Variable_2296,demografico,1
v_2297,Variable_2297,embedding,1
v_2298,Variable_2298,embedding,1
v_2299,Variable_2299,embedding,5
v_2300,Variable_2300,vital,1
v_2301,Variable_2301,estudio,100
v_2302,Variable_2302,vital,10
v_2303,Variable_2303,sintoma,5
v_2304,Variable_2304,sintoma,10
v_2305,Variable_2305,sintoma,1
v_2306,Variable_2306,estudio,1
v_2307,Variable_2307,signo,5
v_2308,Variable_2308,demografico,10
v_2309,Variable_2309,embedding,10
v_2310,Variable_2310,demografico,1
v_2311,Variable_2311,demografico,100
v_2312,Variable_2312,demografico,1
v_2313,Variable_2313,embedding,10
v_2314,Variable_2314,demografico,100
v_2315,Variable_2315,signo,1
v_2316,Variable_2316,vital,10
v_2317,Variable_2317,estudio,1
v_2318,Variable_2318,vital,1
v_2319,Variable_2319,vital,5
v_2320,Variable_2320,embedding,5
v_2321,Variable_2321,demografico,100
v_2322,Variable_2322,embedding,5
v_2323,Variable_2323,demografico,1
v_2324,Variable_2324,signo,10
v_2325,Variable_2325,estudio,100
v_2326,Variable_2326,sintoma,1
v_2327,Variable_2327,vital,100
v_2328,Variable_2328,sintoma,1
v_2329,Variable_2329,estudio,10
v_2330,Variable_2330,vital,1
v_2331,Variable_2331,sintoma,1
v_2332,Variable_2332,sintoma,1
v_2333,Variable_2333,embedding,5
v_2334,Variable_2334,signo,1
v_2335,Variable_2335,estudio,1
v_2336,Variable_2336,estudio,5
v_2337,Variable_2337,estudio,100
v_2338,Variable_2338,vital,1
v_2339,Variable_2339,signo,1
v_2340,Variable_2340,demografico,1
v_2341,Variable_2341,vital,1
v_2342,Variable_2342,estudio,10
v_2343,Variable_2343,vital,10
v_2344,Variable_2344,sintoma,5
v_2345,Variable_2345,vital,1
v_2346,Variable_2346,embedding,10
v_2347,Variable_2347,embedding,5
v_2348,Variable_2348,vital,10
v_2349,Variable_2349,estudio,5
v_2350,Variable_2350,sintoma,10
v_2351,Variable_2351,estudio,5
v_2352,Variable_2352,sintoma,1
v_2353,Variable_2353,embedding,100
v_2354,Variable_2354,sintoma,5
v_2355,Variable_2355,sintoma,5
v_2356,Variable_2356,estudio,1
v_2357,Variable_2357,embedding,5
v_2358,Variable_2358,sintoma,5
v_2359,Variable_2359,embedding,1
v_2360,Variable_2360,signo,1
v_2361,Variable_2361,embedding,5
v_2362,Variable_2362,signo,10
v_2363,Variable_2363,demografico,5
v_2364,Variable_2364,signo,1
v_2365,Variable_2365,demografico,5
v_2366,Variable_2366,signo,1
v_2367,Variable_2367,estudio,1
v_2368,Variable_2368,demografico,1
v_2369,Variable_2369,vital,1
v_2370,Variable_2370,vital,1
v_2371,Variable_2371,signo,1
v_2372,Variable_2372,vital,1
v_2373,Variable_2373,embedding,1
v_2374,Variable_2374,signo,5
v_2375,Variable_2375,signo,1
v_2376,Variable_2376,embedding,1
v_2377,Variable_2377,embedding,10
v_2378,Variable_2378,vital,1
v_2379,Variable_2379,vital,5
v_2380,Variable_2380,sintoma,1
v_2381,Variable_2381,embedding,1
v_2382,Variable_2382,demografico,5
v_2383,Variable_2383,signo,5
v_2384,Variable_2384,vital,10
v_2385,Variable_2385,demografico,5
v_2386,Variable_2386,vital,100
v_2387,Variable_2387,vital,1
v_2388,Variable_2388,sintoma,1
v_2389,Variable_2389,embedding,1
v_2390,Variable_2390,signo,1
v_2391,Variable_2391,signo,5
v_2392,Variable_2392,estudio,5
v_2393,Variable_2393,embedding,1
v_2394,Variable_2394,sintoma,100
v_2395,Variable_2395,demografico,10
v_2396,Variable_2396,sintoma,1
v_2397,Variable_2397,demografico,1
v_2398,Variable_2398,signo,1
v_2399,Variable_2399,estudio,1
v_2400,Variable_2400,estudio,1
v_2401,Variable_2401,signo,5
v_2402,Variable_2402,vital,1
v_2403,Variable_2403,sintoma,1
v_2404,Variable_2404,estudio,100
v_2405,Variable_2405,embedding,5
v_2406,Variable_2406,vital,100
v_2407,Variable_2407,demografico,1
v_2408,Variable_2408,embedding,1
v_2409,Variable_2409,estudio,5
v_2410,Variable_2410,demografico,1
v_2411,Variable_2411,vital,1
v_2412,Variable_2412,demografico,5
v_2413,Variable_2413,vital,5
v_2414,Variable_2414,demografico,1
v_2415,Variable_2415,sintoma,1
v_2416,Variable_2416,estudio,1
v_2417,Variable_2417,estudio,1
v_2418,Variable_2418,vital,1
v_2419,Variable_2419,demografico,1
v_2420,Variable_2420,signo,1
v_2421,Variable_2421,embedding,100
v_2422,Variable_2422,embedding,5
v_2423,Variable_2423,estudio,10
v_2424,Variable_2424,demografico,1
v_2425,Variable_2425,demografico,1
v_2426,Variable_2426,sintoma,1
v_2427,Variable_2427,embedding,1
v_2428,Variable_2428,signo,1
v_2429,Variable_2429,estudio,10
v_2430,Variable_2430,sintoma,5
v_2431,Variable_2431,signo,5
v_2432,Variable_2432,estudio,1
v_2433,Variable_2433,sintoma,100
v_2434,Variable_2434,signo,1
v_2435,Variable_2435,estudio,1
v_2436,Variable_2436,embedding,1
v_2437,Variable_2437,signo,10
v_2438,Variable_2438,demografico,100
v_2439,Variable_2439,vital,1
v_2440,Variable_2440,vital,10
v_2441,Variable_2441,demografico,10
v_2442,Variable_2442,signo,1
v_2443,Variable_2443,demografico,1
v_2444,Variable_2444,vital,1
v_2445,Variable_2445,vital,100
v_2446,Variable_2446,signo,1
v_2447,Variable_2447,vital,10
v_2448,Variable_2448,embedding,1
v_2449,Variable_2449,demografico,10
v_2450,Variable_2450,embedding,1
v_2451,Variable_2451,embedding,5
v_2452,Variable_2452,signo,10
v_2453,Variable_2453,demografico,10
v_2454,Variable_2454,signo,10
v_2455,Variable_2455,vital,1
v_2456,Variable_2456,estudio,5
v_2457,Variable_2457,signo,1
v_2458,Variable_2458,signo,1
v_2459,Variable_2459,estudio,5
v_2460,Variable_2460,vital,1
v_2461,Variable_2461,demografico,5
v_2462,Variable_2462,sintoma,100
v_2463,Variable_2463,estudio,1
v_2464,Variable_2464,sintoma,5
v_2465,Variable_2465,vital,1
v_2466,Variable_2466,signo,1
v_2467,Variable_2467,signo,1
v_2468,Variable_2468,vital,100
v_2469,Variable_2469,demografico,10
v_2470,Variable_2470,demografico,100
v_2471,Variable_2471,embedding,100
v_2472,Variable_2472,vital,1
v_2473,Variable_2473,vital,1
v_2474,Variable_2474,embedding,5
v_2475,Variable_2475,vital,1
v_2476,Variable_2476,vital,1
v_2477,Variable_2477,embedding,1
v_2478,Variable_2478,vital,5
v_2479,Variable_2479,vital,5
v_2480,Variable_2480,signo,1
v_2481,Variable_2481,sintoma,1
v_2482,Variable_2482,demografico,5
v_2483,Variable_2483,sintoma,5
v_2484,Variable_2484,signo,1
v_2485,Variable_2485,estudio,10
v_2486,Variable_2486,sintoma,1
v_2487,Variable_2487,estudio,1
v_2488,Variable_2488,signo,10
v_2489,Variable_2489,demografico,5
v_2490,Variable_2490,estudio,1
v_2491,Variable_2491,signo,5
v_2492,Variable_2492,vital,5
v_2493,Variable_2493,demografico,10
v_2494,Variable_2494,embedding,10
v_2495,Variable_2495,vital,5
v_2496,Variable_2496,demografico,1
v_2497,Variable_2497,demografico,1
v_2498,Variable_2498,sintoma,1
v_2499,Variable_2499,demografico,1
v_2500,Variable_2500,sintoma,5
v_2501,Variable_2501,estudio,5
v_2502,Variable_2502,demografico,1
v_2503,Variable_2503,estudio,1
v_2504,Variable_2504,demografico,1
v_2505,Variable_2505,sintoma,1
v_2506,Variable_2506,embedding,10
v_2507,Variable_2507,vital,1
v_2508,Variable_2508,demografico,5
v_2509,Variable_2509,signo,100
v_2510,Variable_2510,vital,1
v_2511,Variable_2511,sintoma,1
v_2512,Variable_2512,embedding,1
v_2513,Variable_2513,embedding,5
v_2514,Variable_2514,signo,5
v_2515,Variable_2515,estudio,1
v_2516,Variable_2516,sintoma,5
v_2517,Variable_2517,vital,10
v_2518,Variable_2518,estudio,1
v_2519,Variable_2519,estudio,1
v_2520,Variable_2520,sintoma,10
v_2521,Variable_2521,vital,5
v_2522,Variable_2522,sintoma,10
v_2523,Variable_2523,signo,5
v_2524,Variable_2524,signo,10
v_2525,Variable_2525,embedding,1
v_2526,Variable_2526,demografico,10
v_2527,Variable_2527,embedding,100
v_2528,Variable_2528,estudio,5
v_2529,Variable_2529,embedding,1
v_2530,Variable_2530,demografico,1
v_2531,Variable_2531,embedding,1
v_2532,Variable_2532,vital,1
v_2533,Variable_2533,signo,1
v_2534,Variable_2534,demografico,5
v_2535,Variable_2535,signo,5
v_2536,Variable_2536,signo,1
v_2537,Variable_2537,signo,5
v_2538,Variable_2538,sintoma,1
v_2539,Variable_2539,demografico,1
v_2540,Variable_2540,estudio,1
v_2541,Variable_2541,demografico,5
v_2542,Variable_2542,estudio,1
v_2543,Variable_2543,demografico,1
v_2544,Variable_2544,demografico,1
v_2545,Variable_2545,signo,10
v_2546,Variable_2546,estudio,1
v_2547,Variable_2547,embedding,5
v_2548,Variable_2548,estudio,5
v_2549,Variable_2549,estudio,10
v_2550,Variable_2550,demografico,100
v_2551,Variable_2551,estudio,1
v_2552,Variable_2552,demografico,1
v_2553,Variable_2553,embedding,10
v_2554,Variable_2554,sintoma,1
v_2555,Variable_2555,signo,5
v_2556,Variable_2556,vital,5
v_2557,Variable_2557,sintoma,5
v_2558,Variable_2558,estudio,100
v_2559,Variable_2559,embedding,100
v_2560,Variable_2560,signo,10
v_2561,Variable_2561,embedding,1
v_2562,Variable_2562,signo,10
v_2563,Variable_2563,signo,1
v_2564,Variable_2564,signo,1
v_2565,Variable_2565,embedding,10
v_2566,Variable_2566,estudio,1
v_2567,Variable_2567,signo,1
v_2568,Variable_2568,embedding,1
v_2569,Variable_2569,vital,10
v_2570,Variable_2570,vital,5
v_2571,Variable_2571,signo,5
v_2572,Variable_2572,demografico,1
v_2573,Variable_2573,embedding,10
v_2574,Variable_2574,estudio,10
v_2575,Variable_2575,embedding,1
v_2576,Variable_2576,vital,1
v_2577,Variable_2577,vital,1
v_2578,Variable_2578,vital,100
v_2579,Variable_2579,sintoma,5
v_2580,Variable_2580,embedding,100
v_2581,Variable_2581,sintoma,1
v_2582,Variable_2582,vital,10
v_2583,Variable_2583,demografico,10
v_2584,Variable_2584,embedding,5
v_2585,Variable_2585,estudio,100
v_2586,Variable_2586,embedding,1
v_2587,Variable_2587,estudio,1
v_2588,Variable_2588,vital,5
v_2589,Variable_2589,vital,10
v_2590,Variable_2590,estudio,5
v_2591,Variable_2591,demografico,1
v_2592,Variable_2592,sintoma,5
v_2593,Variable_2593,embedding,1
v_2594,Variable_2594,sintoma,1
v_2595,Variable_2595,embedding,5
v_2596,Variable_2596,vital,10
v_2597,Variable_2597,embedding,1
v_2598,Variable_2598,embedding,1
v_2599,Variable_2599,embedding,1
v_2600,Variable_2600,estudio,1
v_2601,Variable_2601,sintoma,10
v_2602,Variable_2602,demografico,100
v_2603,Variable_2603,vital,1
v_2604,Variable_2604,signo,10
v_2605,Variable_2605,vital,10
v_2606,Variable_2606,signo,10
v_2607,Variable_2607,vital,1
v_2608,Variable_2608,estudio,100
v_2609,Variable_2609,estudio,1
v_2610,Variable_2610,estudio,1
v_2611,Variable_2611,estudio,1
v_2612,Variable_2612,demografico,1
v_2613,Variable_2613,demografico,1
v_2614,Variable_2614,signo,1
v_2615,Variable_2615,demografico,1
v_2616,Variable_2616,vital,10
v_2617,Variable_2617,estudio,10
v_2618,Variable_2618,embedding,1
v_2619,Variable_2619,sintoma,10
v_2620,Variable_2620,sintoma,10
v_2621,Variable_2621,sintoma,10
v_2622,Variable_2622,embedding,1
v_2623,Variable_2623,vital,5
v_2624,Variable_2624,sintoma,100
v_2625,Variable_2625,sintoma,5
v_2626,Variable_2626,signo,1
v_2627,Variable_2627,vital,5
v_2628,Variable_2628,vital,5
v_2629,Variable_2629,sintoma,5
v_2630,Variable_2630,vital,1
v_2631,Variable_2631,signo,1
v_2632,Variable_2632,embedding,10
v_2633,Variable_2633,signo,10
v_2634,Variable_2634,embedding,1
v_2635,Variable_2635,estudio,100
v_2636,Variable_2636,signo,1
v_2637,Variable_2637,estudio,5
v_2638,Variable_2638,sintoma,10
v_2639,Variable_2639,embedding,10
v_2640,Variable_2640,estudio,100
v_2641,Variable_2641,estudio,1
v_2642,Variable_2642,sintoma,10
v_2643,Variable_2643,estudio,1
v_2644,Variable_2644,embedding,10
v_2645,Variable_2645,embedding,10
v_2646,Variable_2646,signo,5
v_2647,Variable_2647,sintoma,1
v_2648,Variable_2648,vital,10
v_2649,Variable_2649,embedding,1
v_2650,Variable_2650,estudio,1
v_2651,Variable_2651,embedding,10
v_2652,Variable_2652,embedding,1
v_2653,Variable_2653,signo,10
v_2654,Variable_2654,vital,1
v_2655,Variable_2655,embedding,1
v_2656,Variable_2656,sintoma,10
v_2657,Variable_2657,embedding,5
v_2658,Variable_2658,sintoma,1
v_2659,Variable_2659,sintoma,10
v_2660,Variable_2660,signo,5
v_2661,Variable_2661,vital,5
v_2662,Variable_2662,sintoma,1
v_2663,Variable_2663,signo,10
v_2664,Variable_2664,demografico,10
v_2665,Variable_2665,signo,10
v_2666,Variable_2666,demografico,1
v_2667,Variable_2667,embedding,10
v_2668,Variable_2668,vital,5
v_2669,Variable_2669,sintoma,5
v_2670,Variable_2670,sintoma,1
v_2671,Variable_2671,embedding,10
v_2672,Variable_2672,estudio,10
v_2673,Variable_2673,sintoma,1
v_2674,Variable_2674,vital,1
v_2675,Variable_2675,embedding,10
v_2676,Variable_2676,signo,1
v_2677,Variable_2677,vital,100
v_2678,Variable_2678,sintoma,5
v_2679,Variable_2679,signo,5
v_2680,Variable_2680,vital,1
v_2681,Variable_2681,sintoma,1
v_2682,Variable_2682,embedding,100
v_2683,Variable_2683,sintoma,1
v_2684,Variable_2684,sintoma,10
v_2685,Variable_2685,estudio,1
v_2686,Variable_2686,estudio,1
v_2687,Variable_2687,estudio,1
v_2688,Variable_2688,signo,5
v_2689,Variable_2689,vital,100
v_2690,Variable_2690,signo,1
v_2691,Variable_2691,embedding,1
v_2692,Variable_2692,embedding,1
v_2693,Variable_2693,signo,5
v_2694,Variable_2694,sintoma,1
v_2695,Variable_2695,demografico,10
v_2696,Variable_2696,demografico,5
v_2697,Variable_2697,sintoma,5
v_2698,Variable_2698,demografico,1
v_2699,Variable_2699,embedding,100
v_2700,Variable_2700,signo,1
v_2701,Variable_2701,vital,1
v_2702,Variable_2702,estudio,5
v_2703,Variable_2703,embedding,5
v_2704,Variable_2704,signo,1
v_2705,Variable_2705,embedding,1
v_2706,Variable_2706,embedding,10
v_2707,Variable_2707,signo,1
v_2708,Variable_2708,vital,10
v_2709,Variable_2709,demografico,5
v_2710,Variable_2710,embedding,1
v_2711,Variable_2711,vital,1
v_2712,Variable_2712,signo,1
v_2713,Variable_2713,sintoma,10
v_2714,Variable_2714,sintoma,5
v_2715,Variable_2715,signo,1
v_2716,Variable_2716,sintoma,5
v_2717,Variable_2717,demografico,100
v_2718,Variable_2718,embedding,1
v_2719,Variable_2719,vital,100
v_2720,Variable_2720,estudio,1
v_2721,Variable_2721,vital,1
v_2722,Variable_2722,estudio,1
v_2723,Variable_2723,signo,1
v_2724,Variable_2724,signo,1
v_2725,Variable_2725,estudio,1
v_2726,Variable_2726,embedding,100
v_2727,Variable_2727,sintoma,10
v_2728,Variable_2728,signo,10
v_2729,Variable_2729,demografico,1
v_2730,Variable_2730,demografico,1
v_2731,Variable_2731,demografico,1
v_2732,Variable_2732,embedding,10
v_2733,Variable_2733,demografico,100
v_2734,Variable_2734,estudio,1
v_2735,Variable_2735,embedding,1
v_2736,Variable_2736,sintoma,5
v_2737,Variable_2737,embedding,1
v_2738,Variable_2738,estudio,1
v_2739,Variable_2739,signo,5
v_2740,Variable_2740,demografico,10
v_2741,Variable_2741,demografico,1
v_2742,Variable_2742,demografico,1
v_2743,Variable_2743,signo,100
v_2744,Variable_2744,embedding,1
v_2745,Variable_2745,vital,1
v_2746,Variable_2746,estudio,1
v_2747,Variable_2747,embedding,1
v_2748,Variable_2748,sintoma,1
v_2749,Variable_2749,signo,10
v_2750,Variable_2750,vital,1
v_2751,Variable_2751,vital,1
v_2752,Variable_2752,sintoma,5
v_2753,Variable_2753,signo,5
v_2754,Variable_2754,vital,10
v_2755,Variable_2755,embedding,10
v_2756,Variable_2756,demografico,1
v_2757,Variable_2757,sintoma,10
v_2758,Variable_2758,demografico,1
v_2759,Variable_2759,sintoma,100
v_2760,Variable_2760,estudio,1
v_2761,Variable_2761,estudio,100
v_2762,Variable_2762,signo,10
v_2763,Variable_2763,vital,1
v_2764,Variable_2764,demografico,5
v_2765,Variable_2765,vital,100
v_2766,Variable_2766,estudio,10
v_2767,Variable_2767,demografico,1
v_2768,Variable_2768,embedding,10
v_2769,Variable_2769,signo,1
v_2770,Variable_2770,vital,1
v_2771,Variable_2771,sintoma,1
v_2772,Variable_2772,sintoma,1
v_2773,Variable_2773,demografico,10
v_2774,Variable_2774,sintoma,1
v_2775,Variable_2775,sintoma,10
v_2776,Variable_2776,estudio,1
v_2777,Variable_2777,signo,1
v_2778,Variable_2778,sintoma,1
v_2779,Variable_2779,sintoma,1
v_2780,Variable_2780,vital,1
v_2781,Variable_2781,demografico,1
v_2782,Variable_2782,estudio,5
v_2783,Variable_2783,embedding,1
v_2784,Variable_2784,embedding,1
v_2785,Variable_2785,demografico,1
v_2786,Variable_2786,vital,10
v_2787,Variable_2787,vital,100
v_2788,Variable_2788,embedding,1
v_2789,Variable_2789,vital,1
v_2790,Variable_2790,sintoma,1
v_2791,Variable_2791,embedding,100
v_2792,Variable_2792,demografico,1
v_2793,Variable_2793,demografico,1
v_2794,Variable_2794,demografico,1
v_2795,Variable_2795,signo,1
v_2796,Variable_2796,estudio,1
v_2797,Variable_2797,sintoma,10
v_2798,Variable_2798,estudio,1
v_2799,Variable_2799,sintoma,5
v_2800,Variable_2800,demografico,1
v_2801,Variable_2801,signo,1
v_2802,Variable_2802,signo,100
v_2803,Variable_2803,demografico,1
v_2804,Variable_2804,estudio,10
v_2805,Variable_2805,vital,5
v_2806,Variable_2806,demografico,1
v_2807,Variable_2807,embedding,100
v_2808,Variable_2808,embedding,1
v_2809,Variable_2809,embedding,10
v_2810,Variable_2810,embedding,1
v_2811,Variable_2811,sintoma,10
v_2812,Variable_2812,estudio,1
v_2813,Variable_2813,embedding,5
v_2814,Variable_2814,vital,10
v_2815,Variable_2815,embedding,100
v_2816,Variable_2816,signo,100
v_2817,Variable_2817,sintoma,10
v_2818,Variable_2818,signo,10
v_2819,Variable_2819,sintoma,1
v_2820,Variable_2820,vital,1
v_2821,Variable_2821,sintoma,1
v_2822,Variable_2822,vital,1
v_2823,Variable_2823,demografico,1
v_2824,Variable_2824,demografico,5
v_2825,Variable_2825,sintoma,1
v_2826,Variable_2826,estudio,5
v_2827,Variable_2827,embedding,1
v_2828,Variable_2828,embedding,1
v_2829,Variable_2829,embedding,5
v_2830,Variable_2830,embedding,10
v_2831,Variable_2831,signo,10
v_2832,Variable_2832,sintoma,5
v_2833,Variable_2833,sintoma,1
v_2834,Variable_2834,embedding,5
v_2835,Variable_2835,signo,1
v_2836,Variable_2836,embedding,1
v_2837,Variable_2837,sintoma,1
v_2838,Variable_2838,signo,1
v_2839,Variable_2839,vital,1
v_2840,Variable_2840,estudio,100
v_2841,Variable_2841,demografico,100
v_2842,Variable_2842,demografico,1
v_2843,Variable_2843,embedding,1
v_2844,Variable_2844,estudio,1
v_2845,Variable_2845,signo,1
v_2846,Variable_2846,estudio,100
v_2847,Variable_2847,signo,1
v_2848,Variable_2848,embedding,10
v_2849,Variable_2849,estudio,1
v_2850,Variable_2850,embedding,100
v_2851,Variable_2851,sintoma,1
v_2852,Variable_2852,sintoma,10
v_2853,Variable_2853,estudio,1
v_2854,Variable_2854,vital,5
v_2855,Variable_2855,estudio,1
v_2856,Variable_2856,demografico,1
v_2857,Variable_2857,sintoma,100
v_2858,Variable_2858,estudio,100
v_2859,Variable_2859,embedding,10
v_2860,Variable_2860,demografico,5
v_2861,Variable_2861,embedding,10
v_2862,Variable_2862,sintoma,1
v_2863,Variable_2863,vital,1
v_2864,Variable_2864,vital,1
v_2865,Variable_2865,demografico,5
v_2866,Variable_2866,estudio,1
v_2867,Variable_2867,sintoma,1
v_2868,Variable_2868,vital,5
v_2869,Variable_2869,demografico,10
v_2870,Variable_2870,signo,1
v_2871,Variable_2871,estudio,1
v_2872,Variable_2872,signo,1
v_2873,Variable_2873,estudio,1
v_2874,Variable_2874,sintoma,1
v_2875,Variable_2875,demografico,5
v_2876,Variable_2876,embedding,5
v_2877,Variable_2877,embedding,5
v_2878,Variable_2878,sintoma,1
v_2879,Variable_2879,signo,10
v_2880,Variable_2880,embedding,1
v_2881,Variable_2881,demografico,1
v_2882,Variable_2882,sintoma,10
v_2883,Variable_2883,sintoma,1
v_2884,Variable_2884,sintoma,1
v_2885,Variable_2885,signo,10
v_2886,Variable_2886,sintoma,1
v_2887,Variable_2887,vital,5
v_2888,Variable_2888,estudio,1
v_2889,Variable_2889,vital,5
v_2890,Variable_2890,signo,1
v_2891,Variable_2891,signo,1
v_2892,Variable_2892,sintoma,5
v_2893,Variable_2893,demografico,1
v_2894,Variable_2894,embedding,1
v_2895,Variable_2895,embedding,1
v_2896,Variable_2896,embedding,1
v_2897,Variable_2897,vital,1
v_2898,Variable_2898,signo,1
v_2899,Variable_2899,estudio,100
v_2900,Variable_2900,signo,1
v_2901,Variable_2901,vital,1
v_2902,Variable_2902,embedding,1
v_2903,Variable_2903,estudio,1
v_2904,Variable_2904,estudio,100
v_2905,Variable_2905,sintoma,1
v_2906,Variable_2906,demografico,100
v_2907,Variable_2907,estudio,1
v_2908,Variable_2908,sintoma,10
v_2909,Variable_2909,demografico,5
v_2910,Variable_2910,embedding,10
v_2911,Variable_2911,sintoma,5
v_2912,Variable_2912,signo,5
v_2913,Variable_2913,signo,1
v_2914,Variable_2914,demografico,1
v_2915,Variable_2915,sintoma,100
v_2916,Variable_2916,vital,1
v_2917,Variable_2917,sintoma,1
v_2918,Variable_2918,vital,10
v_2919,Variable_2919,estudio,1
v_2920,Variable_2920,estudio,100
v_2921,Variable_2921,estudio,10
v_2922,Variable_2922,sintoma,5
v_2923,Variable_2923,demografico,10
v_2924,Variable_2924,vital,1
v_2925,Variable_2925,sintoma,1
v_2926,Variable_2926,estudio,1
v_2927,Variable_2927,signo,1
v_2928,Variable_2928,estudio,10
v_2929,Variable_2929,demografico,100
v_2930,Variable_2930,estudio,1
v_2931,Variable_2931,embedding,1
v_2932,Variable_2932,demografico,100
v_2933,Variable_2933,signo,1
v_2934,Variable_2934,vital,1
v_2935,Variable_2935,estudio,1
v_2936,Variable_2936,demografico,100
v_2937,Variable_2937,vital,5
v_2938,Variable_2938,signo,10
v_2939,Variable_2939,embedding,10
v_2940,Variable_2940,demografico,1
v_2941,Variable_2941,signo,1
v_2942,Variable_2942,signo,10
v_2943,Variable_2943,sintoma,1
v_2944,Variable_2944,vital,10
v_2945,Variable_2945,sintoma,100
v_2946,Variable_2946,signo,5
v_2947,Variable_2947,demografico,10
v_2948,Variable_2948,estudio,10
v_2949,Variable_2949,embedding,10
v_2950,Variable_2950,embedding,1
v_2951,Variable_2951,sintoma,1
v_2952,Variable_2952,estudio,1
v_2953,Variable_2953,sintoma,5
v_2954,Variable_2954,embedding,1
v_2955,Variable_2955,vital,10
v_2956,Variable_2956,embedding,1
v_2957,Variable_2957,embedding,5
v_2958,Variable_2958,estudio,1
v_2959,Variable_2959,sintoma,10
v_2960,Variable_2960,signo,5
v_2961,Variable_2961,demografico,1
v_2962,Variable_2962,signo,1
v_2963,Variable_2963,vital,10
v_2964,Variable_2964,vital,1
v_2965,Variable_2965,sintoma,1
v_2966,Variable_2966,signo,100
v_2967,Variable_2967,embedding,10
v_2968,Variable_2968,estudio,100
v_2969,Variable_2969,sintoma,1
v_2970,Variable_2970,sintoma,1
v_2971,Variable_2971,signo,10
v_2972,Variable_2972,demografico,5
v_2973,Variable_2973,vital,10
v_2974,Variable_2974,embedding,1
v_2975,Variable_2975,estudio,1
v_2976,Variable_2976,vital,1
v_2977,Variable_2977,embedding,1
v_2978,Variable_2978,sintoma,1
v_2979,Variable_2979,demografico,1
v_2980,Variable_2980,sintoma,100
v_2981,Variable_2981,demografico,1
v_2982,Variable_2982,signo,5
v_2983,Variable_2983,embedding,10
v_2984,Variable_2984,vital,5
v_2985,Variable_2985,sintoma,1
v_2986,Variable_2986,demografico,10
v_2987,Variable_2987,demografico,5
v_2988,Variable_2988,sintoma,10
v_2989,Variable_2989,vital,10
v_2990,Variable_2990,embedding,100
v_2991,Variable_2991,signo,5
v_2992,Variable_2992,signo,1
v_2993,Variable_2993,estudio,5
v_2994,Variable_2994,estudio,1
v_2995,Variable_2995,estudio,10
v_2996,Variable_2996,vital,1
v_2997,Variable_2997,embedding,1
v_2998,Variable_2998,embedding,10
v_2999,Variable_2999,estudio,5
